By the item of monthly income & expenditure of household,2003.1/4,2003.1/4.1,2003.1/4.2,2003.2/4,2003.2/4.1,2003.2/4.2,2003.3/4,2003.3/4.1,2003.3/4.2,2003.4/4,2003.4/4.1,2003.4/4.2,2004.1/4,2004.1/4.1,2004.1/4.2,2004.2/4,2004.2/4.1,2004.2/4.2,2004.3/4,2004.3/4.1,2004.3/4.2,2004.4/4,2004.4/4.1,2004.4/4.2,2005.1/4,2005.1/4.1,2005.1/4.2,2005.2/4,2005.2/4.1,2005.2/4.2,2005.3/4,2005.3/4.1,2005.3/4.2,2005.4/4,2005.4/4.1,2005.4/4.2,2006.1/4,2006.1/4.1,2006.1/4.2,2006.2/4,2006.2/4.1,2006.2/4.2,2006.3/4,2006.3/4.1,2006.3/4.2,2006.4/4,2006.4/4.1,2006.4/4.2,2007.1/4,2007.1/4.1,2007.1/4.2,2007.2/4,2007.2/4.1,2007.2/4.2,2007.3/4,2007.3/4.1,2007.3/4.2,2007.4/4,2007.4/4.1,2007.4/4.2,2008.1/4,2008.1/4.1,2008.1/4.2,2008.2/4,2008.2/4.1,2008.2/4.2,2008.3/4,2008.3/4.1,2008.3/4.2,2008.4/4,2008.4/4.1,2008.4/4.2,2009.1/4,2009.1/4.1,2009.1/4.2,2009.2/4,2009.2/4.1,2009.2/4.2,2009.3/4,2009.3/4.1,2009.3/4.2,2009.4/4,2009.4/4.1,2009.4/4.2,2010.1/4,2010.1/4.1,2010.1/4.2,2010.2/4,2010.2/4.1,2010.2/4.2,2010.3/4,2010.3/4.1,2010.3/4.2,2010.4/4,2010.4/4.1,2010.4/4.2,2011.1/4,2011.1/4.1,2011.1/4.2,2011.2/4,2011.2/4.1,2011.2/4.2,2011.3/4,2011.3/4.1,2011.3/4.2,2011.4/4,2011.4/4.1,2011.4/4.2,2012.1/4,2012.1/4.1,2012.1/4.2,2012.2/4,2012.2/4.1,2012.2/4.2,2012.3/4,2012.3/4.1,2012.3/4.2,2012.4/4,2012.4/4.1,2012.4/4.2,2013.1/4,2013.1/4.1,2013.1/4.2,2013.2/4,2013.2/4.1,2013.2/4.2,2013.3/4,2013.3/4.1,2013.3/4.2,2013.4/4,2013.4/4.1,2013.4/4.2,2014.1/4,2014.1/4.1,2014.1/4.2,2014.2/4,2014.2/4.1,2014.2/4.2,2014.3/4,2014.3/4.1,2014.3/4.2,2014.4/4,2014.4/4.1,2014.4/4.2,2015.1/4,2015.1/4.1,2015.1/4.2,2015.2/4,2015.2/4.1,2015.2/4.2,2015.3/4,2015.3/4.1,2015.3/4.2,2015.4/4,2015.4/4.1,2015.4/4.2,2016.1/4,2016.1/4.1,2016.1/4.2,2016.2/4,2016.2/4.1,2016.2/4.2,2016.3/4,2016.3/4.1,2016.3/4.2,2016.4/4,2016.4/4.1,2016.4/4.2,2017.1/4,2017.1/4.1,2017.1/4.2,2017.2/4,2017.2/4.1,2017.2/4.2,2017.3/4,2017.3/4.1,2017.3/4.2,2017.4/4,2017.4/4.1,2017.4/4.2,2018.1/4,2018.1/4.1,2018.1/4.2,2018.2/4,2018.2/4.1,2018.2/4.2,2018.3/4,2018.3/4.1,2018.3/4.2,2018.4/4,2018.4/4.1,2018.4/4.2,2019.1/4,2019.1/4.1,2019.1/4.2,2019.2/4,2019.2/4.1,2019.2/4.2,2019.3/4,2019.3/4.1,2019.3/4.2,2019.4/4,2019.4/4.1,2019.4/4.2
The number of hosehold members (Person),3.46,3.53,3.37,3.45,3.51,3.36,3.44,3.5,3.36,3.44,3.5,3.36,3.41,3.48,3.31,3.39,3.44,3.32,3.38,3.44,3.3,3.38,3.43,3.3,3.37,3.43,3.28,3.36,3.43,3.26,3.33,3.4,3.24,3.33,3.4,3.22,3.35,3.42,3.24,3.3,3.37,3.19,3.29,3.37,3.18,3.29,3.37,3.18,3.26,3.36,3.14,3.27,3.34,3.17,3.27,3.36,3.15,3.27,3.36,3.14,3.33,3.44,3.18,3.34,3.44,3.19,3.33,3.44,3.18,3.35,3.46,3.2,3.33,3.43,3.18,3.34,3.43,3.2,3.33,3.44,3.19,3.35,3.44,3.2,3.31,3.43,3.13,3.32,3.42,3.18,3.31,3.4,3.16,3.32,3.43,3.15,3.28,3.39,3.12,3.29,3.37,3.16,3.28,3.36,3.16,3.29,3.38,3.15,3.27,3.38,3.11,3.29,3.38,3.12,3.27,3.38,3.1,3.29,3.4,3.1,3.24,3.37,3.04,3.26,3.37,3.08,3.26,3.38,3.07,3.27,3.38,3.08,3.21,3.33,3.0,3.22,3.32,3.04,3.21,3.31,3.04,3.22,3.32,3.04,3.17,3.28,2.97,3.18,3.27,3.01,3.17,3.26,3.0,3.18,3.27,3.01,3.13,3.24,2.95,3.13,3.25,2.94,3.13,3.24,2.96,3.14,3.25,2.95,3.1,3.23,2.89,3.11,3.21,2.94,3.1,3.18,2.95,3.11,3.2,2.96,3.07,3.21,2.88,3.07,3.19,2.9,3.07,3.18,2.91,3.08,3.2,2.91,3.05,3.18,2.86,3.06,3.18,2.88,3.05,3.18,2.86,3.06,3.19,2.87
Age of household's head (Age),44.78,41.81,48.85,44.9,42.0,49.06,45.05,42.36,48.77,45.2,42.37,49.22,45.48,42.68,49.4,45.6,42.82,49.59,45.81,42.91,49.82,46.28,43.34,50.44,46.3,43.27,50.4,46.38,43.52,50.48,46.56,43.37,50.99,46.77,43.7,51.04,46.81,43.68,51.09,46.94,43.85,51.43,47.1,43.85,51.67,47.37,44.05,51.94,47.61,44.05,52.31,47.58,44.17,52.34,47.69,44.23,52.62,47.93,44.33,52.99,47.81,44.06,52.98,47.68,44.31,52.53,47.82,44.32,52.83,47.8,44.17,53.16,47.9,44.18,53.35,47.9,44.38,53.07,47.89,44.67,52.66,47.93,44.82,52.7,48.02,44.46,53.12,48.08,45.02,52.85,48.4,45.29,53.27,48.42,45.05,53.49,48.52,44.85,53.97,48.75,45.53,53.77,48.74,45.4,54.0,48.89,45.57,54.23,49.0,45.36,54.69,49.06,45.95,54.18,49.11,46.03,54.23,49.12,45.82,54.58,49.38,45.91,54.83,49.42,46.18,54.84,49.44,46.23,54.97,49.54,46.23,55.23,49.74,46.02,55.75,49.54,46.22,55.3,49.66,46.23,55.64,49.83,46.42,55.88,50.06,46.08,56.75,50.3,46.91,56.25,50.28,47.0,55.98,50.51,47.26,56.25,50.89,47.09,56.97,51.21,47.9,56.87,51.14,47.86,56.66,51.17,47.95,56.53,51.46,47.61,57.67,51.59,48.52,56.9,51.76,48.7,56.95,51.91,48.86,57.01,52.65,48.41,58.67,52.77,48.96,58.45,52.97,49.25,58.4,53.18,49.32,58.79,53.39,49.25,59.15,53.41,49.64,59.0,53.51,49.73,59.08,53.68,49.92,59.3
Distribution of households (%),100.0,57.76,42.24,100.0,58.95,41.05,100.0,58.11,41.89,100.0,58.75,41.25,100.0,58.28,41.73,100.0,59.04,40.96,100.0,57.92,42.08,100.0,58.67,41.33,100.0,57.51,42.49,100.0,58.88,41.12,100.0,58.09,41.92,100.0,58.13,41.87,100.0,57.67,42.34,100.0,59.18,40.82,100.0,58.39,41.61,100.0,57.91,42.09,100.0,56.92,43.08,100.0,58.34,41.66,100.0,58.7,41.3,100.0,58.44,41.56,100.0,57.89,42.11,100.0,58.96,41.04,100.0,58.89,41.11,100.0,59.59,40.41,100.0,59.41,40.59,100.0,59.54,40.46,100.0,59.69,40.31,100.0,60.57,39.43,100.0,58.96,41.04,100.0,60.93,39.07,100.0,61.02,38.98,100.0,60.11,39.89,100.0,59.74,40.27,100.0,61.01,38.99,100.0,61.24,38.76,100.0,61.66,38.35,100.0,61.02,38.98,100.0,62.28,37.73,100.0,62.41,37.59,100.0,62.28,37.72,100.0,61.1,38.9,100.0,62.55,37.45,100.0,63.27,36.73,100.0,63.28,36.72,100.0,61.76,38.24,100.0,63.44,36.57,100.0,63.62,36.38,100.0,63.96,36.04,100.0,62.63,37.37,100.0,63.72,36.28,100.0,63.46,36.54,100.0,63.78,36.22,100.0,61.51,38.49,100.0,63.1,36.9,100.0,62.68,37.32,100.0,62.45,37.56,100.0,61.69,38.31,100.0,63.44,36.56,100.0,62.94,37.06,100.0,62.59,37.41,100.0,58.62,41.38,100.0,59.81,40.19,100.0,59.33,40.67,100.0,59.23,40.77,100.0,58.13,41.87,100.0,59.74,40.26,100.0,59.5,40.51,100.0,59.93,40.07
Income (Won),2582089.0,2845840.0,2221416.0,2558371.0,2788401.0,2228076.0,2672267.0,2964442.0,2266949.0,2709546.0,2961407.0,2350896.0,2757680.0,3061038.0,2333988.0,2717095.0,2937801.0,2399017.0,2863118.0,3195745.0,2405224.0,2815951.0,3095824.0,2418622.0,2907714.0,3278085.0,2406481.0,2837566.0,3098202.0,2464377.0,2919518.0,3265940.0,2439447.0,2928678.0,3266067.0,2460257.0,3033424.0,3424062.0,2501336.0,2965551.0,3289252.0,2496216.0,3033176.0,3428327.0,2478607.0,3134298.0,3539338.0,2577058.0,3214433.0,3694398.0,2580297.0,3074534.0,3419381.0,2591673.0,3255649.0,3677964.0,2655311.0,3248737.0,3652219.0,2681333.0,3429714.0,3961769.0,2698313.0,3280709.0,3688259.0,2695135.0,3477986.0,3927038.0,2834737.0,3371354.0,3771550.0,2781209.0,3472233.0,3959915.0,2758499.0,3295793.0,3653089.0,2770071.0,3449739.0,3845883.0,2863134.0,3535919.0,3873425.0,3017411.0,3727954.0,4172013.0,3090111.0,3545153.0,3845905.0,3076116.0,3660223.0,3994403.0,3137124.0,3620365.0,3955663.0,3115133.0,3857626.0,4334355.0,3150384.0,3713476.0,4035209.0,3210083.0,3897609.0,4288742.0,3279543.0,3883351.0,4222024.0,3338808.0,4123524.0,4634950.0,3322785.0,3942286.0,4262401.0,3413853.0,4141859.0,4542005.0,3477609.0,4092551.0,4481154.0,3450865.0,4192558.0,4743109.0,3327672.0,4040630.0,4420343.0,3406504.0,4259920.0,4708303.0,3487549.0,4163223.0,4568281.0,3465178.0,4403278.0,4955345.0,3511582.0,4152171.0,4514663.0,3523313.0,4387554.0,4803171.0,3660871.0,4264132.0,4666935.0,3549273.0,4517282.0,5051084.0,3622824.0,4270567.0,4628505.0,3641893.0,4416469.0,4861702.0,3643362.0,4301574.0,4689379.0,3618555.0,4555219.0,5151118.0,3602817.0,4306412.0,4726952.0,3587208.0,4445435.0,4942837.0,3610077.0,4312029.0,4777570.0,3537942.0,4593284,5251482,3533374,4346509,4708183,3718947,4537192,5028695,3702504,4445156,4873549,3728516,4762959,5584004,3599960,4530510,5071197,3725995,4747913,5407016,3786378,4606125,5209170,3729921,4826323,5608362,3740508,4704176,5296373,3825333,4876856,5609633,3800549,4771921,5411583,3815300
Current income (Won),2475726.0,2729196.0,2129112.0,2466548.0,2684317.0,2153857.0,2586630.0,2877193.0,2183548.0,2608046.0,2861111.0,2247681.0,2626828.0,2917406.0,2220985.0,2631979.0,2861111.0,2301756.0,2750177.0,3074206.0,2304118.0,2709791.0,2986605.0,2316805.0,2760558.0,3105854.0,2293261.0,2726732.0,3002222.0,2332274.0,2823903.0,3170315.0,2343848.0,2804259.0,3144122.0,2332403.0,2859415.0,3229170.0,2355771.0,2848533.0,3166622.0,2387337.0,2943067.0,3335002.0,2393012.0,2982810.0,3389531.0,2423259.0,3050297.0,3520652.0,2428859.0,2963509.0,3316168.0,2469710.0,3133477.0,3560914.0,2525859.0,3094033.0,3501622.0,2520853.0,3264825.0,3768610.0,2572285.0,3161998.0,3556367.0,2595363.0,3344439.0,3802309.0,2688558.0,3244160.0,3633346.0,2670251.0,3280679.0,3734645.0,2616289.0,3180007.0,3525601.0,2671502.0,3347398.0,3725814.0,2787045.0,3389070.0,3714592.0,2888972.0,3516642.0,4009320.0,2808962.0,3418833.0,3714337.0,2957979.0,3559161.0,3903666.0,3019900.0,3498722.0,3840328.0,2983984.0,3675807.0,4134246.0,2995698.0,3577874.0,3911776.0,3055441.0,3784693.0,4192413.0,3140416.0,3769592.0,4104425.0,3231223.0,3946269.0,4464540.0,3134811.0,3800243.0,4130236.0,3255502.0,4008962.0,4430890.0,3308552.0,3973959.0,4362946.0,3331638.0,4030354.0,4573298.0,3177418.0,3913794.0,4287854.0,3289107.0,4120581.0,4577850.0,3332905.0,4041008.0,4436737.0,3359041.0,4207243.0,4766736.0,3303553.0,4025850.0,4396783.0,3382348.0,4245111.0,4679624.0,3485388.0,4131977.0,4536224.0,3414556.0,4325406.0,4867168.0,3417613.0,4111541.0,4450561.0,3516092.0,4280676.0,4712419.0,3530994.0,4175704.0,4563601.0,3492523.0,4358898.0,4952188.0,3410666.0,4181423.0,4602307.0,3461632.0,4341373.0,4849563.0,3487894.0,4216275.0,4683467.0,3439442.0,4393667,5044807,3345123,4226579,4624915,3535400,4451898,4950335,3605434,4360606,4794936,3634036,4721445,5536859,3566423,4492900,5041351,3676833,4704939,5364390,3742897,4568356,5188156,3667805,4802876,5592397,3706673,4683345,5278251,3800482,4861134,5597856,3779032,4751810,5396956,3786988
Wage and salary income (Won),1607243.0,2482071.0,410940.0,1612305.0,2454080.0,403616.0,1719598.0,2640004.0,442772.0,1707657.0,2610599.0,421865.0,1727889.0,2647784.0,443098.0,1716582.0,2593369.0,452970.0,1831153.0,2802062.0,494599.0,1771009.0,2689113.0,467599.0,1789154.0,2758006.0,477984.0,1784862.0,2695743.0,480628.0,1866014.0,2858633.0,490448.0,1827574.0,2811734.0,461199.0,1865810.0,2884382.0,478411.0,1877139.0,2845501.0,473108.0,1969109.0,3028465.0,482372.0,1969916.0,3065146.0,463140.0,2008588.0,3155636.0,493094.0,1960362.0,3000424.0,504052.0,2122576.0,3225786.0,554318.0,2075970.0,3165757.0,543437.0,2209301.0,3396741.0,576962.0,2127341.0,3212400.0,568314.0,2284922.0,3450171.0,615751.0,2207827.0,3306253.0,588041.0,2248533.0,3344912.0,643959.0,2156224.0,3204261.0,614147.0,2274421.0,3377923.0,640374.0,2289321.0,3365070.0,636655.0,2360089.0,3567645.0,625562.0,2279073.0,3335998.0,630749.0,2423781.0,3529444.0,693061.0,2351510.0,3463515.0,675921.0,2486176.0,3701290.0,683517.0,2387981.0,3494050.0,657388.0,2573557.0,3767056.0,687597.0,2533334.0,3661821.0,718869.0,2691031.0,3950563.0,718980.0,2566723.0,3687435.0,716692.0,2775382.0,3998335.0,745252.0,2719469.0,3938267.0,706908.0,2758325.0,4084968.0,674241.0,2652886.0,3831337.0,684850.0,2866488.0,4123905.0,700500.0,2778075.0,3993090.0,684212.0,2903452.0,4270075.0,696089.0,2761481.0,3941223.0,714840.0,2961294.0,4210074.0,777872.0,2869226.0,4063795.0,749208.0,3013811.0,4327086.0,813245.0,2809665.0,3958237.0,792340.0,2963169.0,4200586.0,814507.0,2894817.0,4098086.0,775566.0,3021838.0,4415006.0,795197.0,2862885.0,4091774.0,761251.0,3019264.0,4350828.0,782974.0,2905781.0,4195578.0,761145.0,3021516,4438614,739535,2877789,4086401,780652,3066965,4401796,800104,2931672,4209208,794542,3204721,4854730,867505,3031393,4478713,877854,3206056,4760775,937949,3114724,4613194,937494,3220792,4853183,954314,3169168,4648329,974038,3360953,4936859,1046253,3296610,4795157,1055518
Business income (Won),683567.0,137839.0,1429835.0,671426.0,137094.0,1438663.0,670673.0,134735.0,1414148.0,699697.0,142849.0,1492651.0,679516.0,140673.0,1432104.0,703589.0,140607.0,1514949.0,694061.0,141426.0,1454819.0,704351.0,152613.0,1487642.0,694882.0,152154.0,1429369.0,703752.0,159450.0,1483103.0,703550.0,150530.0,1469922.0,722043.0,170007.0,1488473.0,724055.0,165156.0,1485331.0,711263.0,161413.0,1508493.0,716057.0,152743.0,1506632.0,735068.0,158615.0,1528130.0,716324.0,153102.0,1460458.0,726923.0,149754.0,1535083.0,721828.0,153820.0,1529274.0,732610.0,152019.0,1549078.0,733244.0,155061.0,1528055.0,746406.0,152713.0,1599433.0,745016.0,151464.0,1595257.0,726453.0,137136.0,1595485.0,705610.0,145424.0,1525453.0,730332.0,138779.0,1600740.0,762542.0,154123.0,1663479.0,798405.0,166565.0,1769097.0,793135.0,176663.0,1678631.0,812416.0,166988.0,1818992.0,807158.0,163717.0,1814352.0,817979.0,170043.0,1794300.0,812498.0,169087.0,1767017.0,835493.0,174619.0,1869520.0,846431.0,175404.0,1906784.0,868976.0,178125.0,1979779.0,833907.0,190200.0,1841761.0,856601.0,186233.0,1963219.0,850011.0,176801.0,1967555.0,873746.0,171311.0,2033653.0,834846.0,174766.0,1871796.0,866444.0,198839.0,1981356.0,856373.0,189239.0,2005556.0,876815.0,188889.0,2062334.0,861439.0,179386.0,1963089.0,872366.0,179615.0,2074164.0,866378.0,181389.0,2064043.0,846822.0,177795.0,2034155.0,821553.0,172009.0,1909951.0,854096.0,185122.0,2029066.0,852939.0,188149.0,2007287.0,850284.0,175904.0,2038033.0,848623.0,186965.0,1906124.0,856198.0,186562.0,2001402.0,862446.0,176566.0,2014344.0,868870.0,184381.0,2007018.0,856071,206348,1902332,891494,204383,2083744,915875,218659,2099912,942924,237542,2122924,904841,212076,1886134,925031,209674,1989446,925613,224676,1948177,911305,223136,1911193,892180,199393,1854073,908517,213727,1939611,879825,216135,1854656,891599,217091,1900333
Property Income (Won),15079.0,8757.0,23723.0,19623.0,13723.0,28094.0,17604.0,11256.0,26409.0,17097.0,11820.0,24613.0,17064.0,9648.0,27421.0,15869.0,10731.0,23274.0,15258.0,9908.0,22623.0,18172.0,13379.0,24977.0,18672.0,15513.0,22948.0,15299.0,12657.0,19082.0,14742.0,11388.0,19390.0,15710.0,11219.0,21946.0,14913.0,11192.0,19980.0,14020.0,9626.0,20392.0,14778.0,9765.0,21813.0,17114.0,14823.0,20265.0,21242.0,16717.0,27220.0,17904.0,12275.0,25786.0,16759.0,13237.0,21765.0,17848.0,13086.0,24545.0,20821.0,15344.0,28350.0,17427.0,12608.0,24350.0,18270.0,13074.0,25713.0,16107.0,11098.0,23494.0,19552.0,16240.0,24399.0,15408.0,12527.0,19647.0,14373.0,13584.0,15542.0,11456.0,10491.0,12939.0,16377.0,16468.0,16246.0,13665.0,12500.0,15482.0,12265.0,10135.0,15599.0,15424.0,12527.0,19791.0,18628.0,14770.0,24352.0,16063.0,12972.0,20900.0,14818.0,10385.0,21822.0,15432.0,11844.0,21199.0,19325.0,16292.0,24073.0,21214.0,16875.0,28376.0,20463.0,13577.0,31894.0,22346.0,16830.0,31455.0,22492.0,12207.0,38650.0,20337.0,12887.0,32778.0,17864.0,11504.0,28820.0,20229.0,15472.0,28426.0,20101.0,16162.0,26465.0,18147.0,14560.0,24369.0,19053.0,14390.0,27205.0,21536.0,14860.0,33385.0,23690.0,14505.0,39082.0,16999.0,12283.0,25282.0,20547.0,17587.0,25687.0,17619.0,13760.0,24416.0,18725.0,13758.0,26664.0,15336.0,11946.0,21134.0,14002.0,10646.0,19637.0,16841.0,10805.0,26878.0,21578,18140,27113,17315,13413,24086,18820,11982,30431,18449,11126,30701,22317,14248,33747,23273,16030,34050,20563,13584,30745,19353,11321,31024,16511,10496,24862,24909,15713,38557,20051,11968,31923,21490,14891,31358
Transfer income (Won),169838.0,100530.0,264614.0,163194.0,79420.0,283484.0,178755.0,91197.0,300219.0,183595.0,95844.0,308553.0,202358.0,119300.0,318362.0,195939.0,116404.0,310563.0,209704.0,120810.0,332077.0,216259.0,131501.0,336588.0,257850.0,180182.0,362960.0,222819.0,134372.0,349461.0,239598.0,149764.0,364088.0,238931.0,151162.0,360786.0,254638.0,168440.0,372048.0,246111.0,150082.0,385344.0,243124.0,144030.0,382195.0,260712.0,150947.0,411724.0,304144.0,195196.0,448087.0,258320.0,153714.0,404790.0,272315.0,168070.0,420502.0,267604.0,170760.0,403793.0,301459.0,201465.0,438919.0,270824.0,178647.0,403266.0,296229.0,187600.0,451837.0,293773.0,178859.0,463231.0,306984.0,228070.0,422477.0,278043.0,170034.0,436968.0,296061.0,180184.0,467650.0,289887.0,172466.0,470281.0,347042.0,248543.0,488524.0,313678.0,198851.0,492756.0,315957.0,200370.0,496888.0,313808.0,194243.0,493972.0,358505.0,249099.0,520811.0,338337.0,230135.0,507633.0,349888.0,239569.0,524213.0,351851.0,252636.0,511377.0,402006.0,307485.0,549997.0,355705.0,239692.0,547216.0,363106.0,242176.0,563852.0,358398.0,236537.0,559622.0,414691.0,301357.0,592732.0,374128.0,244791.0,590123.0,379856.0,253201.0,598029.0,365890.0,239286.0,584069.0,422250.0,301113.0,617910.0,373858.0,261386.0,568975.0,398386.0,273772.0,616267.0,394393.0,279775.0,597808.0,466352.0,353568.0,655335.0,430781.0,294920.0,669405.0,444021.0,306097.0,683513.0,412984.0,275851.0,654508.0,469711.0,336459.0,682681.0,447004.0,312024.0,677844.0,445661.0,311523.0,670939.0,424783.0,292703.0,644400.0,494502,381705,676143,439980,320719,646918,450239,317897,674986,467561,337060,685869,589566,455805,779037,513203,336934,775483,552707,365356,826025,522974,340505,788095,673393,529324,873423,580751,400481,848277,600305,432894,846200,542111,369817,799779
Noncurrent income (Won),106363.0,116644.0,92304.0,91823.0,104083.0,74218.0,85637.0,87249.0,83401.0,101500.0,100296.0,103215.0,130852.0,143632.0,113003.0,85116.0,76690.0,97261.0,112941.0,121538.0,101106.0,106160.0,109218.0,101818.0,147155.0,172231.0,113220.0,110834.0,95979.0,132103.0,95614.0,95625.0,95599.0,124419.0,121945.0,127854.0,174009.0,194891.0,145565.0,117018.0,122630.0,108879.0,90109.0,93324.0,85596.0,151487.0,149807.0,153799.0,164136.0,173746.0,151438.0,111025.0,103213.0,121963.0,122171.0,117050.0,129452.0,154704.0,150597.0,160480.0,164889.0,193160.0,126027.0,118711.0,131891.0,99772.0,133547.0,124729.0,146179.0,127194.0,138204.0,110957.0,191554.0,225270.0,142210.0,115786.0,127488.0,98569.0,102341.0,120069.0,76089.0,146849.0,158832.0,128439.0,211312.0,162693.0,281149.0,126321.0,131568.0,118137.0,101062.0,90737.0,117224.0,121643.0,115335.0,131149.0,181819.0,200109.0,154687.0,135602.0,123433.0,154642.0,112916.0,96329.0,139127.0,113759.0,117599.0,107585.0,177255.0,170410.0,187974.0,142044.0,132165.0,158351.0,132898.0,111116.0,169056.0,118592.0,118208.0,119227.0,162204.0,169811.0,150254.0,126836.0,132488.0,117397.0,139338.0,130453.0,154644.0,122215.0,131544.0,106137.0,196035.0,188610.0,208028.0,126320.0,117879.0,140964.0,142443.0,123546.0,175483.0,132155.0,130711.0,134718.0,191875.0,183917.0,205211.0,159026.0,177944.0,125801.0,135793.0,149284.0,112368.0,125870.0,125777.0,126032.0,196321.0,198930.0,192152.0,124989.0,124645.0,125577.0,104063.0,93273.0,122183.0,95755.0,94103.0,98500.0,199617,206675,188251,119931,83268,183547,85294,78360,97070,84550,78614,94479,41513,47145,33537,37610,29846,49162,42974,42626,43481,37770,21013,62116,23447,15965,33835,20831,18122,24852,15722,11777,21517,20111,14627,28312
Expenditure (Won),2139578.0,2263006.0,1970795.0,2097931.0,2216032.0,1928353.0,2169367.0,2282421.0,2012532.0,2180677.0,2259474.0,2068471.0,2329988.0,2469718.0,2134830.0,2203328.0,2301162.0,2062332.0,2300713.0,2435926.0,2114580.0,2273644.0,2397125.0,2098342.0,2433277.0,2607555.0,2197423.0,2276983.0,2402527.0,2097224.0,2404211.0,2557390.0,2191936.0,2351148.0,2495184.0,2151173.0,2538090.0,2719992.0,2290322.0,2385233.0,2517524.0,2193424.0,2454195.0,2625886.0,2213238.0,2536264.0,2725758.0,2275566.0,2644354.0,2868372.0,2348378.0,2467916.0,2632355.0,2237665.0,2625905.0,2828441.0,2337991.0,2596412.0,2790945.0,2322846.0,2819584.0,3094294.0,2441948.0,2613218.0,2852034.0,2270085.0,2767907.0,2998501.0,2437591.0,2668818.0,2882500.0,2353714.0,2783253.0,3037932.0,2410525.0,2663025.0,2874441.0,2351948.0,2810278.0,3021486.0,2497525.0,2861363.0,3082712.0,2521306.0,3032823.0,3324729.0,2613532.0,2867727.0,3054844.0,2575909.0,3003451.0,3195491.0,2702848.0,2962388.0,3153983.0,2673688.0,3175951.0,3466369.0,2745107.0,3004588.0,3231117.0,2650154.0,3189955.0,3423965.0,2820173.0,3082855.0,3309246.0,2718848.0,3358538.0,3672195.0,2867445.0,3109566.0,3374365.0,2672446.0,3258937.0,3503048.0,2853706.0,3144241.0,3376345.0,2760975.0,3344597.0,3661562.0,2846662.0,3156974.0,3435982.0,2691026.0,3301195.0,3548504.0,2875188.0,3243088.0,3492392.0,2813458.0,3493823.0,3815757.0,2973837.0,3249290.0,3543210.0,2739391.0,3413859.0,3681080.0,2946639.0,3267475.0,3537950.0,2787459.0,3502265.0,3848441.0,2922200.0,3281079.0,3531464.0,2841310.0,3396703.0,3665701.0,2929611.0,3323601.0,3564340.0,2899600.0,3520409.0,3876211.0,2951746.0,3281407.0,3565059.0,2796309.0,3417388.0,3722382.0,2905168.0,3239220.0,3544689.0,2731297.0,-,-,-,-,-,-,-,-,-,-,-,-,-,-,-,-,-,-,-,-,-,-,-,-,-,-,-,-,-,-,-,-,-,-,-,-
Consumption expenditure (Won),1711362.0,1774146.0,1625507.0,1653643.0,1715361.0,1565023.0,1720418.0,1772711.0,1647875.0,1714638.0,1743315.0,1673802.0,1859234.0,1934378.0,1754283.0,1730098.0,1772314.0,1669258.0,1811171.0,1875113.0,1723148.0,1788673.0,1853930.0,1696030.0,1938514.0,2036767.0,1805545.0,1787978.0,1846265.0,1704521.0,1901654.0,1986152.0,1784558.0,1859296.0,1936872.0,1751592.0,2019111.0,2122037.0,1878914.0,1865978.0,1932212.0,1769945.0,1925771.0,2024030.0,1787871.0,1978623.0,2082192.0,1836137.0,2084497.0,2215887.0,1910903.0,1923780.0,2011580.0,1800841.0,2040631.0,2162632.0,1867202.0,2017836.0,2120415.0,1873582.0,2215430.0,2382004.0,1986445.0,2039624.0,2184684.0,1831200.0,2138695.0,2278525.0,1938394.0,2063673.0,2185928.0,1883391.0,2135760.0,2293432.0,1905005.0,2070176.0,2196367.0,1884499.0,2189841.0,2320295.0,1996666.0,2215946.0,2341589.0,2022920.0,2338442.0,2514130.0,2086086.0,2208645.0,2310889.0,2049191.0,2308836.0,2424109.0,2128396.0,2308434.0,2421783.0,2137638.0,2439375.0,2614599.0,2179425.0,2303745.0,2436552.0,2095952.0,2443629.0,2578043.0,2231229.0,2379565.0,2513482.0,2164242.0,2568262.0,2749934.0,2283819.0,2386084.0,2549898.0,2115666.0,2467121.0,2606205.0,2236239.0,2412301.0,2548566.0,2187289.0,2542563.0,2727271.0,2252397.0,2403480.0,2574825.0,2117332.0,2493519.0,2641090.0,2239317.0,2483643.0,2628627.0,2233790.0,2653614.0,2833384.0,2363251.0,2477672.0,2651575.0,2175980.0,2576298.0,2737246.0,2294890.0,2506099.0,2659572.0,2233729.0,2653431.0,2856655.0,2312902.0,2494305.0,2629444.0,2256949.0,2562507.0,2715482.0,2296879.0,2549685.0,2674100.0,2330560.0,2668790.0,2874038.0,2340749.0,2493619.0,2650067.0,2226065.0,2579437.0,2754000.0,2286270.0,2468383.0,2637228.0,2187632.0,-,-,-,-,-,-,-,-,-,-,-,-,-,-,-,-,-,-,-,-,-,-,-,-,-,-,-,-,-,-,-,-,-,-,-,-
01.Food and soft drinks (Won),243326.0,242473.0,244492.0,233106.0,232459.0,234034.0,275241.0,272770.0,278669.0,268644.0,264014.0,275238.0,257850.0,257794.0,257928.0,245759.0,243546.0,248949.0,303512.0,297291.0,312075.0,275542.0,271580.0,281167.0,269620.0,269985.0,269127.0,246635.0,246699.0,246544.0,293228.0,290948.0,296388.0,284362.0,282022.0,287611.0,275123.0,276933.0,272658.0,251705.0,251853.0,251492.0,272854.0,270788.0,275754.0,304842.0,298457.0,313627.0,272401.0,273108.0,271467.0,249762.0,251328.0,247570.0,299706.0,298815.0,300972.0,288594.0,286442.0,291622.0,288389.0,293074.0,281949.0,271735.0,275863.0,265804.0,322986.0,321366.0,325306.0,310483.0,307703.0,314583.0,285267.0,292189.0,275137.0,284626.0,290431.0,276086.0,312248.0,315094.0,308033.0,309970.0,306388.0,315474.0,298009.0,303561.0,290033.0,294548.0,296140.0,292064.0,343448.0,341617.0,346314.0,334000.0,327112.0,344379.0,322930.0,326177.0,318114.0,320690.0,321838.0,318894.0,367423.0,363357.0,373848.0,346667.0,342728.0,352999.0,342127.0,350353.0,329248.0,326422.0,333018.0,315533.0,382848.0,385522.0,378411.0,346745.0,347570.0,345381.0,336647.0,346085.0,321822.0,329892.0,337743.0,316780.0,373338.0,381165.0,359856.0,354811.0,356300.0,352244.0,343606.0,352698.0,328920.0,336534.0,346409.0,319403.0,369868.0,376271.0,358673.0,355148.0,360593.0,345484.0,351419.0,361631.0,334307.0,343179.0,352300.0,327160.0,379965.0,387847.0,366277.0,342557.0,347160.0,334449.0,349415.0,360291.0,332033.0,328724.0,336823.0,314874.0,367673.0,374726.0,355828.0,352623.0,358746.0,342442.0,-,-,-,-,-,-,-,-,-,-,-,-,-,-,-,-,-,-,-,-,-,-,-,-,-,-,-,-,-,-,-,-,-,-,-,-
02.Alcoholic beverages and tobacco (Won),20972.0,21324.0,20491.0,21925.0,22461.0,21155.0,25403.0,25814.0,24831.0,23750.0,24230.0,23066.0,25162.0,25506.0,24682.0,25353.0,26147.0,24208.0,28325.0,28969.0,27437.0,25422.0,25940.0,24687.0,27672.0,27660.0,27689.0,27492.0,28007.0,26754.0,30969.0,31179.0,30677.0,27543.0,27389.0,27757.0,28667.0,28579.0,28786.0,28314.0,28181.0,28506.0,29866.0,30479.0,29004.0,30397.0,30792.0,29854.0,28650.0,29313.0,27773.0,27579.0,27881.0,27156.0,30162.0,30557.0,29601.0,27588.0,27853.0,27215.0,28354.0,28509.0,28142.0,27871.0,27907.0,27819.0,30073.0,30022.0,30145.0,27154.0,27812.0,26183.0,25679.0,26866.0,23941.0,26449.0,27839.0,24404.0,27826.0,29427.0,25456.0,26835.0,27927.0,25158.0,26308.0,27893.0,24033.0,27397.0,29159.0,24648.0,30065.0,30619.0,29199.0,26506.0,27386.0,25179.0,26393.0,27117.0,25320.0,26559.0,27291.0,25414.0,30327.0,30853.0,29496.0,28078.0,28689.0,27096.0,27454.0,27339.0,27635.0,27969.0,28209.0,27574.0,29882.0,29731.0,30132.0,27316.0,27928.0,26307.0,26723.0,27065.0,26186.0,27587.0,28041.0,26828.0,30341.0,31171.0,28912.0,27396.0,28259.0,25907.0,26933.0,27776.0,25572.0,27132.0,28278.0,25143.0,29906.0,31478.0,27155.0,27604.0,28645.0,25758.0,28573.0,28740.0,28294.0,32496.0,33366.0,30969.0,36782.0,38261.0,34214.0,34463.0,35428.0,32763.0,34927.0,35590.0,33869.0,34794.0,36041.0,32662.0,36365.0,37660.0,34191.0,33234.0,34594.0,30971.0,-,-,-,-,-,-,-,-,-,-,-,-,-,-,-,-,-,-,-,-,-,-,-,-,-,-,-,-,-,-,-,-,-,-,-,-
03.Clothing and footwear (Won),114871.0,122340.0,104657.0,112825.0,118001.0,105393.0,95364.0,101182.0,87293.0,127523.0,133678.0,118759.0,114733.0,120489.0,106694.0,116693.0,120636.0,111011.0,93809.0,100051.0,85217.0,127045.0,132130.0,119827.0,116805.0,126108.0,104215.0,121866.0,129279.0,111252.0,99986.0,107574.0,89471.0,136492.0,146401.0,122735.0,126380.0,137092.0,111789.0,124062.0,131586.0,113152.0,98393.0,106920.0,86426.0,144618.0,155165.0,130107.0,127209.0,138507.0,112283.0,130238.0,139749.0,116920.0,107446.0,115931.0,95383.0,146783.0,160581.0,127379.0,135533.0,148905.0,117151.0,136898.0,151792.0,115497.0,108714.0,117915.0,95533.0,144262.0,157108.0,125318.0,125707.0,140358.0,104265.0,133367.0,145591.0,115379.0,107226.0,115184.0,95442.0,160996.0,171172.0,145363.0,136463.0,150290.0,116602.0,148045.0,157728.0,132944.0,117952.0,125870.0,105557.0,182049.0,193178.0,165280.0,149158.0,164127.0,126952.0,155920.0,167347.0,138041.0,129081.0,138959.0,113472.0,192979.0,210648.0,164571.0,157738.0,173861.0,132496.0,170419.0,183604.0,148653.0,131776.0,141426.0,115756.0,203004.0,220947.0,173375.0,165290.0,181887.0,139217.0,171249.0,188662.0,142169.0,132953.0,141940.0,117474.0,208327.0,226525.0,176965.0,163380.0,178243.0,139372.0,175123.0,190390.0,148637.0,136792.0,146382.0,120024.0,202251.0,219859.0,171002.0,154727.0,169788.0,129491.0,169236.0,181512.0,147674.0,131939.0,143747.0,111435.0,191720.0,207798.0,163402.0,151897.0,165803.0,129671.0,165067.0,178463.0,142157.0,133206.0,144251.0,114657.0,181026.0,198822.0,151435.0,-,-,-,-,-,-,-,-,-,-,-,-,-,-,-,-,-,-,-,-,-,-,-,-,-,-,-,-,-,-,-,-,-,-,-,-
04.Housing water electricity gas and other fuels (Won),198104.0,194969.0,202390.0,166838.0,166404.0,167462.0,139304.0,138483.0,140442.0,168365.0,168265.0,168506.0,204884.0,205874.0,203502.0,170676.0,172201.0,168479.0,149776.0,151279.0,147707.0,171312.0,174820.0,166332.0,218064.0,220517.0,214744.0,179463.0,181600.0,176403.0,155236.0,160222.0,148327.0,181211.0,181518.0,180783.0,229808.0,233677.0,224536.0,187792.0,194699.0,177776.0,168143.0,173521.0,160596.0,185478.0,188419.0,181432.0,228429.0,230917.0,225141.0,191060.0,187942.0,195426.0,163643.0,165340.0,161229.0,199780.0,199105.0,200729.0,246239.0,247966.0,243865.0,200200.0,203551.0,195384.0,174492.0,177329.0,170428.0,200301.0,205117.0,193199.0,249719.0,254647.0,242507.0,206097.0,205419.0,207095.0,177727.0,181359.0,172348.0,209138.0,214088.0,201532.0,284679.0,286858.0,281549.0,224734.0,223685.0,226371.0,189258.0,190574.0,187198.0,222398.0,220471.0,225303.0,295786.0,298496.0,291766.0,241125.0,245456.0,234349.0,200716.0,198896.0,203593.0,231875.0,235141.0,226625.0,316148.0,322398.0,306364.0,244897.0,252719.0,231984.0,211868.0,214172.0,208044.0,253713.0,250689.0,258708.0,325693.0,332110.0,315612.0,260912.0,265911.0,252563.0,225355.0,230321.0,216801.0,255755.0,256409.0,254627.0,323454.0,329153.0,314250.0,258006.0,264923.0,246006.0,223631.0,227901.0,216166.0,256242.0,258349.0,252502.0,335825.0,340082.0,328692.0,278066.0,277786.0,278559.0,241053.0,246119.0,232257.0,255079.0,263552.0,240155.0,323886.0,328775.0,316072.0,272604.0,269965.0,277117.0,242538.0,247525.0,234162.0,250970.0,257043.0,240872.0,-,-,-,-,-,-,-,-,-,-,-,-,-,-,-,-,-,-,-,-,-,-,-,-,-,-,-,-,-,-,-,-,-,-,-,-
05.Household equipment and housekeeping services (Won),51437.0,51579.0,51243.0,58980.0,62941.0,53292.0,58401.0,61156.0,54580.0,66931.0,66639.0,67347.0,55851.0,57375.0,53722.0,55418.0,52447.0,59699.0,63360.0,67002.0,58347.0,72150.0,72395.0,71801.0,61708.0,69132.0,51660.0,69128.0,71086.0,66325.0,67433.0,72051.0,61033.0,69632.0,72738.0,65320.0,61772.0,67088.0,54532.0,64913.0,70373.0,56998.0,66624.0,72555.0,58301.0,78691.0,87127.0,67086.0,68783.0,74512.0,61215.0,72186.0,74530.0,68905.0,72544.0,78989.0,63382.0,87573.0,85839.0,90011.0,62874.0,68950.0,54522.0,73530.0,74007.0,72846.0,78294.0,80424.0,75242.0,79310.0,85166.0,70674.0,64965.0,71472.0,55442.0,71000.0,75882.0,63818.0,78927.0,82810.0,73177.0,92048.0,101971.0,76803.0,76405.0,85842.0,62848.0,80478.0,82575.0,77207.0,91056.0,97183.0,81465.0,99558.0,105293.0,90917.0,82884.0,90511.0,71569.0,90047.0,98914.0,76175.0,92125.0,96759.0,84802.0,94965.0,100834.0,85527.0,89605.0,97905.0,76611.0,90247.0,97520.0,78240.0,97952.0,103509.0,88728.0,94070.0,101222.0,82261.0,89308.0,99456.0,73367.0,98431.0,107009.0,84106.0,104334.0,110027.0,94527.0,104157.0,114726.0,85944.0,97723.0,107654.0,81684.0,107395.0,121927.0,82185.0,104198.0,116499.0,82689.0,109850.0,119619.0,92514.0,94788.0,107408.0,73642.0,109662.0,118710.0,93770.0,103960.0,110839.0,92017.0,113995.0,119680.0,103982.0,101842.0,111033.0,87153.0,104110.0,111281.0,91847.0,123110.0,127932.0,115011.0,108080.0,123654.0,82184.0,-,-,-,-,-,-,-,-,-,-,-,-,-,-,-,-,-,-,-,-,-,-,-,-,-,-,-,-,-,-,-,-,-,-,-,-
06.Health (Won),98951.0,102799.0,93690.0,95625.0,95268.0,96137.0,98604.0,99235.0,97729.0,99227.0,96686.0,102846.0,101222.0,100494.0,102237.0,105231.0,102329.0,109414.0,102143.0,99177.0,106226.0,102948.0,104270.0,101070.0,114863.0,116418.0,112759.0,106885.0,108665.0,104335.0,112222.0,112937.0,111231.0,111530.0,106437.0,118601.0,121046.0,122838.0,118604.0,116528.0,114144.0,119983.0,120908.0,115229.0,128878.0,123572.0,119348.0,129383.0,133635.0,130731.0,137471.0,126515.0,116312.0,140800.0,128437.0,125370.0,132796.0,125808.0,120335.0,133505.0,136776.0,132274.0,142963.0,119417.0,117507.0,122163.0,135393.0,133232.0,138489.0,131247.0,130625.0,132164.0,135108.0,135485.0,134556.0,139904.0,134256.0,148215.0,144257.0,145722.0,142088.0,146167.0,143460.0,150324.0,143990.0,147520.0,138918.0,158193.0,155832.0,161874.0,151357.0,145724.0,160176.0,156574.0,154047.0,160383.0,159662.0,164879.0,151922.0,148326.0,148640.0,147835.0,158842.0,160669.0,155954.0,158825.0,164181.0,150213.0,166641.0,170482.0,160626.0,158735.0,160564.0,155715.0,153352.0,153748.0,152695.0,157156.0,159983.0,152489.0,171483.0,168277.0,176519.0,157428.0,153342.0,164251.0,158832.0,155389.0,164763.0,168894.0,170411.0,166280.0,172153.0,178004.0,162703.0,167611.0,170010.0,163448.0,168562.0,170554.0,165077.0,165558.0,167411.0,162268.0,179017.0,182324.0,173476.0,168729.0,167100.0,171589.0,177031.0,178472.0,174527.0,173850.0,168756.0,182823.0,178485.0,181018.0,174436.0,174962.0,179832.0,166635.0,170371.0,167385.0,175386.0,188547.0,185356.0,193853.0,-,-,-,-,-,-,-,-,-,-,-,-,-,-,-,-,-,-,-,-,-,-,-,-,-,-,-,-,-,-,-,-,-,-,-,-
07.Transportation (Won),197710.0,217482.0,170673.0,210641.0,234239.0,176757.0,197456.0,209074.0,181339.0,187790.0,191351.0,182719.0,208335.0,230880.0,176847.0,210304.0,229438.0,182727.0,202861.0,218009.0,182009.0,213533.0,231491.0,188038.0,224672.0,246264.0,195451.0,212890.0,222983.0,198439.0,239455.0,255003.0,217909.0,224488.0,243403.0,198228.0,221958.0,245178.0,190328.0,251978.0,250114.0,254681.0,252793.0,278919.0,216127.0,249266.0,275331.0,213405.0,249942.0,285647.0,202769.0,245941.0,270666.0,211321.0,253605.0,285510.0,208252.0,250405.0,278091.0,211470.0,270090.0,305707.0,221129.0,268468.0,306843.0,213331.0,262694.0,289891.0,223735.0,246795.0,263984.0,221447.0,213891.0,238292.0,178180.0,257525.0,279437.0,225284.0,276770.0,304051.0,236373.0,315597.0,353286.0,257696.0,250010.0,285447.0,199108.0,271313.0,292438.0,238369.0,273717.0,298798.0,234457.0,291212.0,319148.0,249118.0,278723.0,305793.0,238565.0,300570.0,318139.0,273082.0,308298.0,340262.0,257789.0,289166.0,306242.0,261711.0,288715.0,319806.0,240036.0,308521.0,352852.0,235340.0,297941.0,324053.0,254595.0,311799.0,340625.0,264200.0,294336.0,331314.0,236244.0,311364.0,353492.0,241011.0,308125.0,339810.0,253546.0,316666.0,343171.0,270990.0,330340.0,373409.0,260775.0,329750.0,357483.0,281638.0,350393.0,391615.0,278318.0,326508.0,359134.0,268607.0,315574.0,358040.0,244418.0,315099.0,330448.0,288141.0,306730.0,326111.0,273076.0,348478.0,359968.0,328242.0,323325.0,355584.0,271766.0,319530.0,348230.0,270447.0,299918.0,329177.0,250781.0,288365.0,316643.0,241346.0,-,-,-,-,-,-,-,-,-,-,-,-,-,-,-,-,-,-,-,-,-,-,-,-,-,-,-,-,-,-,-,-,-,-,-,-
08.Communication (Won),119006.0,119786.0,117939.0,125704.0,127005.0,123837.0,130506.0,131648.0,128923.0,126902.0,126709.0,127178.0,131539.0,132107.0,130746.0,131572.0,131613.0,131512.0,131366.0,133732.0,128109.0,130457.0,131876.0,128442.0,131692.0,134641.0,127701.0,130858.0,131526.0,129903.0,133359.0,135491.0,130404.0,129461.0,131048.0,127256.0,131315.0,132931.0,129115.0,131736.0,134561.0,127639.0,132747.0,136115.0,128021.0,134020.0,138171.0,128309.0,136048.0,142133.0,128008.0,134024.0,137293.0,129446.0,134169.0,137851.0,128935.0,133226.0,137174.0,127675.0,135852.0,140849.0,128982.0,134403.0,137905.0,129371.0,133432.0,136525.0,129001.0,132520.0,135101.0,128715.0,130713.0,134411.0,125302.0,132821.0,137319.0,126203.0,132682.0,136466.0,127080.0,134510.0,138527.0,128338.0,137038.0,142955.0,128539.0,138960.0,142140.0,134000.0,138636.0,142362.0,132802.0,140935.0,145304.0,134352.0,138603.0,144996.0,129119.0,141179.0,144538.0,135923.0,144206.0,147828.0,138483.0,147449.0,151696.0,140620.0,148469.0,156859.0,135332.0,154360.0,161488.0,142593.0,155252.0,161356.0,145119.0,151621.0,158213.0,140735.0,151118.0,160251.0,136771.0,152232.0,158870.0,141145.0,153206.0,159381.0,142571.0,154773.0,161081.0,143902.0,159380.0,167347.0,146510.0,143459.0,150270.0,131644.0,151132.0,159870.0,135855.0,148422.0,155320.0,136180.0,145994.0,152788.0,134610.0,147740.0,152592.0,139217.0,145240.0,152875.0,131981.0,152291.0,160025.0,138669.0,145538.0,154110.0,131836.0,146156.0,153399.0,133767.0,141969.0,147726.0,132302.0,142799.0,150109.0,130643.0,-,-,-,-,-,-,-,-,-,-,-,-,-,-,-,-,-,-,-,-,-,-,-,-,-,-,-,-,-,-,-,-,-,-,-,-
09.Entertainment and culture (Won),105347.0,113578.0,94090.0,94083.0,98331.0,87984.0,102666.0,111101.0,90966.0,95992.0,101100.0,88719.0,105658.0,115992.0,91224.0,93658.0,96619.0,89390.0,101072.0,109315.0,89724.0,92484.0,98775.0,83553.0,105225.0,112843.0,94914.0,99153.0,103517.0,92905.0,107913.0,114823.0,98337.0,92354.0,101299.0,79934.0,111748.0,122597.0,96971.0,100292.0,104770.0,93799.0,105676.0,114152.0,93779.0,99099.0,108303.0,86435.0,108795.0,118223.0,96339.0,104245.0,109786.0,96488.0,113633.0,128352.0,92709.0,104565.0,112215.0,93806.0,120923.0,135897.0,100338.0,106436.0,114314.0,95118.0,109557.0,124077.0,88756.0,99738.0,109883.0,84779.0,111373.0,121214.0,96970.0,107011.0,116701.0,92753.0,123639.0,134230.0,107956.0,107464.0,115815.0,94634.0,131417.0,144945.0,111984.0,119584.0,127708.0,106914.0,131155.0,141621.0,114772.0,124275.0,131227.0,113800.0,131071.0,147094.0,107301.0,125956.0,133917.0,113500.0,137483.0,152978.0,112997.0,121147.0,134597.0,99520.0,138767.0,156312.0,111298.0,134566.0,148333.0,111839.0,144024.0,162384.0,113545.0,124656.0,134806.0,107895.0,143300.0,157009.0,121762.0,138866.0,150602.0,119266.0,143383.0,153206.0,126463.0,130650.0,141723.0,111567.0,154182.0,166279.0,134643.0,148151.0,160436.0,126840.0,151374.0,160293.0,135779.0,134396.0,145748.0,114250.0,154026.0,172336.0,123345.0,141563.0,147559.0,131032.0,158390.0,172195.0,134420.0,145495.0,155225.0,128357.0,156086.0,173361.0,128476.0,144478.0,153181.0,129593.0,159585.0,174056.0,135281.0,138701.0,145208.0,127882.0,-,-,-,-,-,-,-,-,-,-,-,-,-,-,-,-,-,-,-,-,-,-,-,-,-,-,-,-,-,-,-,-,-,-,-,-
10.Education (Won),211628.0,221363.0,198316.0,154762.0,161233.0,145472.0,225707.0,224243.0,227738.0,157094.0,160418.0,152361.0,257793.0,263047.0,250456.0,158308.0,166822.0,146036.0,235620.0,237144.0,233521.0,157224.0,165057.0,146104.0,255621.0,272100.0,233319.0,165466.0,171902.0,156251.0,252576.0,258621.0,244199.0,173559.0,184848.0,157885.0,282892.0,295886.0,265192.0,174329.0,183676.0,160777.0,258175.0,266000.0,247192.0,174567.0,189126.0,154536.0,297767.0,315211.0,274720.0,191456.0,207777.0,168603.0,285422.0,301894.0,262006.0,187982.0,210076.0,156912.0,328646.0,363110.0,281270.0,221249.0,250921.0,178617.0,319121.0,355685.0,266744.0,215425.0,244521.0,172519.0,358825.0,397637.0,302023.0,235716.0,258289.0,202504.0,338665.0,359942.0,307159.0,228259.0,245767.0,201360.0,376436.0,408628.0,330195.0,237990.0,258708.0,205678.0,347929.0,376239.0,303614.0,227071.0,249849.0,192749.0,365018.0,400533.0,312331.0,231449.0,256466.0,192305.0,351273.0,374347.0,314811.0,231215.0,251860.0,198022.0,364448.0,395645.0,315601.0,231962.0,254365.0,194980.0,329874.0,358827.0,281812.0,228072.0,252785.0,187264.0,339455.0,371665.0,288855.0,233977.0,263400.0,184841.0,332164.0,359472.0,285125.0,227653.0,253055.0,183877.0,348371.0,374147.0,306737.0,235081.0,261287.0,189618.0,328494.0,348386.0,293714.0,226596.0,252013.0,181489.0,342911.0,382365.0,276800.0,231282.0,262645.0,176198.0,325020.0,355191.0,272629.0,233957.0,254169.0,198360.0,341671.0,391671.0,261759.0,229644.0,259507.0,178571.0,329233.0,372229.0,257023.0,231034.0,260711.0,181688.0,-,-,-,-,-,-,-,-,-,-,-,-,-,-,-,-,-,-,-,-,-,-,-,-,-,-,-,-,-,-,-,-,-,-,-,-
11.Restaurants and hotels (Won),208227.0,225179.0,185046.0,237502.0,253712.0,214227.0,244898.0,265173.0,216771.0,244785.0,262185.0,220008.0,239136.0,261602.0,207757.0,260660.0,281236.0,231006.0,260079.0,285576.0,224980.0,261153.0,284447.0,228083.0,245844.0,271892.0,210593.0,266582.0,288154.0,235695.0,261473.0,287890.0,224864.0,260241.0,285063.0,225780.0,249942.0,276502.0,213764.0,261192.0,284570.0,227297.0,264410.0,292384.0,225151.0,265357.0,295503.0,223883.0,254483.0,285719.0,213214.0,276898.0,304868.0,237733.0,278570.0,309838.0,234121.0,275854.0,307245.0,231711.0,270188.0,304054.0,223633.0,296446.0,329834.0,248473.0,292581.0,325247.0,245788.0,287208.0,316276.0,244344.0,255791.0,286300.0,211142.0,288685.0,318433.0,244914.0,288966.0,317763.0,246323.0,286608.0,310946.0,249219.0,276434.0,308255.0,230727.0,303808.0,331082.0,261274.0,297548.0,325077.0,254457.0,288254.0,319107.0,241764.0,274715.0,308480.0,224623.0,301636.0,332422.0,253467.0,313008.0,344350.0,263481.0,306674.0,335554.0,260240.0,296326.0,331615.0,241075.0,320266.0,350179.0,270888.0,322541.0,353685.0,270842.0,307930.0,336999.0,259930.0,295920.0,331411.0,240166.0,321567.0,355884.0,264258.0,337303.0,371971.0,277586.0,323791.0,356102.0,268110.0,314117.0,349332.0,257238.0,337274.0,370504.0,279625.0,354676.0,387613.0,297086.0,334340.0,367191.0,276039.0,325920.0,362486.0,264647.0,338193.0,371519.0,279661.0,356073.0,392678.0,292512.0,337860.0,372217.0,277349.0,333247.0,375442.0,265809.0,350223.0,389628.0,282832.0,360872.0,406132.0,284861.0,335069.0,378290.0,263202.0,-,-,-,-,-,-,-,-,-,-,-,-,-,-,-,-,-,-,-,-,-,-,-,-,-,-,-,-,-,-,-,-,-,-,-,-
12.Other miscellaneous goods and services (Won),141784.0,141273.0,142481.0,141652.0,143307.0,139274.0,126868.0,132832.0,118595.0,147634.0,148040.0,147055.0,157071.0,163217.0,148488.0,156467.0,149280.0,166826.0,139249.0,147569.0,127796.0,159403.0,161149.0,156925.0,166728.0,169206.0,163375.0,161558.0,162845.0,159716.0,147805.0,159415.0,131717.0,168425.0,174707.0,159702.0,178461.0,182736.0,172639.0,173137.0,183685.0,157845.0,155182.0,166968.0,138642.0,188718.0,196450.0,178080.0,178355.0,191867.0,160504.0,173876.0,183449.0,160473.0,173295.0,184185.0,157816.0,189679.0,195460.0,181548.0,191566.0,212709.0,162501.0,182971.0,194242.0,166777.0,171359.0,186810.0,149227.0,189229.0,202632.0,169466.0,178722.0,194563.0,155539.0,186974.0,206771.0,157844.0,180906.0,198246.0,155230.0,198354.0,212241.0,177019.0,201255.0,221936.0,171550.0,203595.0,213692.0,187849.0,196715.0,208425.0,178386.0,215601.0,229661.0,194414.0,214432.0,236397.0,181845.0,220288.0,241584.0,186967.0,210848.0,228786.0,182503.0,230525.0,251313.0,197101.0,231823.0,247358.0,207498.0,217722.0,227048.0,202327.0,209810.0,217792.0,196559.0,206218.0,216800.0,188744.0,203290.0,220740.0,175876.0,199975.0,211869.0,180113.0,194183.0,207238.0,171694.0,210771.0,220864.0,193377.0,219976.0,229342.0,204847.0,212156.0,229659.0,181793.0,207273.0,220381.0,184353.0,219184.0,225691.0,207636.0,224657.0,238667.0,201181.0,219060.0,233909.0,192980.0,200325.0,211146.0,181534.0,219940.0,230121.0,202008.0,228470.0,241359.0,207869.0,223327.0,233714.0,205562.0,214596.0,225202.0,196786.0,217935.0,228050.0,201114.0,-,-,-,-,-,-,-,-,-,-,-,-,-,-,-,-,-,-,-,-,-,-,-,-,-,-,-,-,-,-,-,-,-,-,-,-
Non-consumption expenditures (Won),428216.0,488859.0,345288.0,444288.0,500670.0,363330.0,448948.0,509711.0,364657.0,466039.0,516159.0,394669.0,470753.0,535339.0,380547.0,473230.0,528849.0,393074.0,489542.0,560812.0,391431.0,484971.0,543195.0,402312.0,494764.0,570788.0,391878.0,489005.0,556262.0,392702.0,502557.0,571238.0,407378.0,491852.0,558312.0,399580.0,518980.0,597955.0,411408.0,519256.0,585312.0,423479.0,528424.0,601856.0,425367.0,557641.0,643566.0,439429.0,559857.0,652485.0,437476.0,544136.0,620775.0,436824.0,585273.0,665809.0,470789.0,578576.0,670530.0,449263.0,604154.0,712290.0,455503.0,573594.0,667350.0,438885.0,629212.0,719976.0,499197.0,605145.0,696572.0,470324.0,647493.0,744500.0,505520.0,592849.0,678074.0,467449.0,620438.0,701191.0,500859.0,645417.0,741123.0,498386.0,694381.0,810599.0,527446.0,659082.0,743956.0,526717.0,694615.0,771381.0,574452.0,653954.0,732200.0,536051.0,736576.0,851770.0,565682.0,700843.0,794566.0,554201.0,746326.0,845922.0,588945.0,703291.0,795764.0,554606.0,790275.0,922261.0,583626.0,723482.0,824467.0,556780.0,791816.0,896844.0,617468.0,731940.0,827779.0,573686.0,802034.0,934291.0,594264.0,753494.0,861157.0,573694.0,807676.0,907414.0,635871.0,759445.0,863765.0,579668.0,840209.0,982373.0,610587.0,771618.0,891634.0,563411.0,837561.0,943834.0,651749.0,761376.0,878378.0,553730.0,848834.0,991787.0,609298.0,786774.0,902019.0,584361.0,834196.0,950219.0,632732.0,773916.0,890240.0,569040.0,851620.0,1002173.0,610997.0,787788.0,914992.0,570244.0,837951.0,968383.0,618898.0,770838.0,907460.0,543665.0,835384,996287,576277,809007,916335,622775,863659,978957,667855,867427,992493,658209,995512,1196075,711417,942136,1104881,699979,1065019,1233030,819916,953908,1131577,695761,1078279,1284723,791643,1020166,1196978,757769,1138205,1321523,868946,1046966,1229653,773755
