metric,value,date,year,quarter
Income,880499,1990-01-01,1990,1
Housing Expenses,58045,1990-01-01,1990,1
Income,890099,1990-01-01,1990,1
Housing Expenses,56195,1990-01-01,1990,1
Income,860860,1990-01-01,1990,1
Housing Expenses,61831,1990-01-01,1990,1
Income,893567,1990-04-01,1990,2
Housing Expenses,55038,1990-04-01,1990,2
Income,893907,1990-04-01,1990,2
Housing Expenses,52879,1990-04-01,1990,2
Income,892856,1990-04-01,1990,2
Housing Expenses,59556,1990-04-01,1990,2
Income,955067,1990-07-01,1990,3
Housing Expenses,60677,1990-07-01,1990,3
Income,978042,1990-07-01,1990,3
Housing Expenses,56833,1990-07-01,1990,3
Income,906743,1990-07-01,1990,3
Housing Expenses,68763,1990-07-01,1990,3
Income,1023397,1990-10-01,1990,4
Housing Expenses,67647,1990-10-01,1990,4
Income,1030701,1990-10-01,1990,4
Housing Expenses,65159,1990-10-01,1990,4
Income,1008189,1990-10-01,1990,4
Housing Expenses,72829,1990-10-01,1990,4
Income,1037358,1991-01-01,1991,1
Housing Expenses,69041,1991-01-01,1991,1
Income,1056632,1991-01-01,1991,1
Housing Expenses,67046,1991-01-01,1991,1
Income,997436,1991-01-01,1991,1
Housing Expenses,73172,1991-01-01,1991,1
Income,1102974,1991-04-01,1991,2
Housing Expenses,66056,1991-04-01,1991,2
Income,1116540,1991-04-01,1991,2
Housing Expenses,62401,1991-04-01,1991,2
Income,1076170,1991-04-01,1991,2
Housing Expenses,73278,1991-04-01,1991,2
Income,1209846,1991-07-01,1991,3
Housing Expenses,65075,1991-07-01,1991,3
Income,1235283,1991-07-01,1991,3
Housing Expenses,61961,1991-07-01,1991,3
Income,1160683,1991-07-01,1991,3
Housing Expenses,71093,1991-07-01,1991,3
Income,1241680,1991-10-01,1991,4
Housing Expenses,82716,1991-10-01,1991,4
Income,1254606,1991-10-01,1991,4
Housing Expenses,75461,1991-10-01,1991,4
Income,1216384,1991-10-01,1991,4
Housing Expenses,96912,1991-10-01,1991,4
Income,1281416,1992-01-01,1992,1
Housing Expenses,81629,1992-01-01,1992,1
Income,1303154,1992-01-01,1992,1
Housing Expenses,77859,1992-01-01,1992,1
Income,1238402,1992-01-01,1992,1
Housing Expenses,89087,1992-01-01,1992,1
Income,1294479,1992-04-01,1992,2
Housing Expenses,80088,1992-04-01,1992,2
Income,1300292,1992-04-01,1992,2
Housing Expenses,76139,1992-04-01,1992,2
Income,1282958,1992-04-01,1992,2
Housing Expenses,87915,1992-04-01,1992,2
Income,1373846,1992-07-01,1992,3
Housing Expenses,74294,1992-07-01,1992,3
Income,1413017,1992-07-01,1992,3
Housing Expenses,69928,1992-07-01,1992,3
Income,1297473,1992-07-01,1992,3
Housing Expenses,82805,1992-07-01,1992,3
Income,1401878,1992-10-01,1992,4
Housing Expenses,97080,1992-10-01,1992,4
Income,1436184,1992-10-01,1992,4
Housing Expenses,87859,1992-10-01,1992,4
Income,1337035,1992-10-01,1992,4
Housing Expenses,114508,1992-10-01,1992,4
Income,1399354,1993-01-01,1993,1
Housing Expenses,94936,1993-01-01,1993,1
Income,1441909,1993-01-01,1993,1
Housing Expenses,90368,1993-01-01,1993,1
Income,1320082,1993-01-01,1993,1
Housing Expenses,103444,1993-01-01,1993,1
Income,1373666,1993-04-01,1993,2
Housing Expenses,89643,1993-04-01,1993,2
Income,1393284,1993-04-01,1993,2
Housing Expenses,85388,1993-04-01,1993,2
Income,1336452,1993-04-01,1993,2
Housing Expenses,97715,1993-04-01,1993,2
Income,1485945,1993-07-01,1993,3
Housing Expenses,77625,1993-07-01,1993,3
Income,1522412,1993-07-01,1993,3
Housing Expenses,76472,1993-07-01,1993,3
Income,1419372,1993-07-01,1993,3
Housing Expenses,79729,1993-07-01,1993,3
Income,1520282,1993-10-01,1993,4
Housing Expenses,96265,1993-10-01,1993,4
Income,1538170,1993-10-01,1993,4
Housing Expenses,93570,1993-10-01,1993,4
Income,1487672,1993-10-01,1993,4
Housing Expenses,101178,1993-10-01,1993,4
Income,1575002,1994-01-01,1994,1
Housing Expenses,102339,1994-01-01,1994,1
Income,1610375,1994-01-01,1994,1
Housing Expenses,97149,1994-01-01,1994,1
Income,1512673,1994-01-01,1994,1
Housing Expenses,111485,1994-01-01,1994,1
Income,1595197,1994-04-01,1994,2
Housing Expenses,83472,1994-04-01,1994,2
Income,1615489,1994-04-01,1994,2
Housing Expenses,79871,1994-04-01,1994,2
Income,1558580,1994-04-01,1994,2
Housing Expenses,89971,1994-04-01,1994,2
Income,1699626,1994-07-01,1994,3
Housing Expenses,82880,1994-07-01,1994,3
Income,1746560,1994-07-01,1994,3
Housing Expenses,80268,1994-07-01,1994,3
Income,1614530,1994-07-01,1994,3
Housing Expenses,87616,1994-07-01,1994,3
Income,1763330,1994-10-01,1994,4
Housing Expenses,107369,1994-10-01,1994,4
Income,1797965,1994-10-01,1994,4
Housing Expenses,103672,1994-10-01,1994,4
Income,1700364,1994-10-01,1994,4
Housing Expenses,114090,1994-10-01,1994,4
Income,1800104,1995-01-01,1995,1
Housing Expenses,108277,1995-01-01,1995,1
Income,1855637,1995-01-01,1995,1
Housing Expenses,107780,1995-01-01,1995,1
Income,1703276,1995-01-01,1995,1
Housing Expenses,109145,1995-01-01,1995,1
Income,1784011,1995-04-01,1995,2
Housing Expenses,96847,1995-04-01,1995,2
Income,1790993,1995-04-01,1995,2
Housing Expenses,92996,1995-04-01,1995,2
Income,1771801,1995-04-01,1995,2
Housing Expenses,103582,1995-04-01,1995,2
Income,1927803,1995-07-01,1995,3
Housing Expenses,89412,1995-07-01,1995,3
Income,1974977,1995-07-01,1995,3
Housing Expenses,87132,1995-07-01,1995,3
Income,1847595,1995-07-01,1995,3
Housing Expenses,93289,1995-07-01,1995,3
Income,1972331,1995-10-01,1995,4
Housing Expenses,109789,1995-10-01,1995,4
Income,1987734,1995-10-01,1995,4
Housing Expenses,106500,1995-10-01,1995,4
Income,1946557,1995-10-01,1995,4
Housing Expenses,115293,1995-10-01,1995,4
Income,2048761,1996-01-01,1996,1
Housing Expenses,126262,1996-01-01,1996,1
Income,2103024,1996-01-01,1996,1
Housing Expenses,123957,1996-01-01,1996,1
Income,1958833,1996-01-01,1996,1
Housing Expenses,130081,1996-01-01,1996,1
Income,2020923,1996-04-01,1996,2
Housing Expenses,109401,1996-04-01,1996,2
Income,2039148,1996-04-01,1996,2
Housing Expenses,105859,1996-04-01,1996,2
Income,1990057,1996-04-01,1996,2
Housing Expenses,115401,1996-04-01,1996,2
Income,2154071,1996-07-01,1996,3
Housing Expenses,97891,1996-07-01,1996,3
Income,2257731,1996-07-01,1996,3
Housing Expenses,94471,1996-07-01,1996,3
Income,1978793,1996-07-01,1996,3
Housing Expenses,103675,1996-07-01,1996,3
Income,2158440,1996-10-01,1996,4
Housing Expenses,120821,1996-10-01,1996,4
Income,2210506,1996-10-01,1996,4
Housing Expenses,114168,1996-10-01,1996,4
Income,2070798,1996-10-01,1996,4
Housing Expenses,132020,1996-10-01,1996,4
Income,2227433,1997-01-01,1997,1
Housing Expenses,135858,1997-01-01,1997,1
Income,2295339,1997-01-01,1997,1
Housing Expenses,128864,1997-01-01,1997,1
Income,2117820,1997-01-01,1997,1
Housing Expenses,147147,1997-01-01,1997,1
Income,2170393,1997-04-01,1997,2
Housing Expenses,113194,1997-04-01,1997,2
Income,2212279,1997-04-01,1997,2
Housing Expenses,109810,1997-04-01,1997,2
Income,2101304,1997-04-01,1997,2
Housing Expenses,118776,1997-04-01,1997,2
Income,2281712,1997-07-01,1997,3
Housing Expenses,100430,1997-07-01,1997,3
Income,2397538,1997-07-01,1997,3
Housing Expenses,96495,1997-07-01,1997,3
Income,2096892,1997-07-01,1997,3
Housing Expenses,106711,1997-07-01,1997,3
Income,2163884,1997-10-01,1997,4
Housing Expenses,136598,1997-10-01,1997,4
Income,2213375,1997-10-01,1997,4
Housing Expenses,131551,1997-10-01,1997,4
Income,2085194,1997-10-01,1997,4
Housing Expenses,144621,1997-10-01,1997,4
Income,2050708,1998-01-01,1998,1
Housing Expenses,159719,1998-01-01,1998,1
Income,2252897,1998-01-01,1998,1
Housing Expenses,153367,1998-01-01,1998,1
Income,1761141,1998-01-01,1998,1
Housing Expenses,168816,1998-01-01,1998,1
Income,1937810,1998-04-01,1998,2
Housing Expenses,120424,1998-04-01,1998,2
Income,2115525,1998-04-01,1998,2
Housing Expenses,120263,1998-04-01,1998,2
Income,1683714,1998-04-01,1998,2
Housing Expenses,120654,1998-04-01,1998,2
Income,1893747,1998-07-01,1998,3
Housing Expenses,105038,1998-07-01,1998,3
Income,2098692,1998-07-01,1998,3
Housing Expenses,102707,1998-07-01,1998,3
Income,1615216,1998-07-01,1998,3
Housing Expenses,108207,1998-07-01,1998,3
Income,1989359,1998-10-01,1998,4
Housing Expenses,127016,1998-10-01,1998,4
Income,2155432,1998-10-01,1998,4
Housing Expenses,122070,1998-10-01,1998,4
Income,1762689,1998-10-01,1998,4
Housing Expenses,133765,1998-10-01,1998,4
Income,1990374,1999-01-01,1999,1
Housing Expenses,154438,1999-01-01,1999,1
Income,2256189,1999-01-01,1999,1
Housing Expenses,149836,1999-01-01,1999,1
Income,1651565,1999-01-01,1999,1
Housing Expenses,160303,1999-01-01,1999,1
Income,1947769,1999-04-01,1999,2
Housing Expenses,132274,1999-04-01,1999,2
Income,2133148,1999-04-01,1999,2
Housing Expenses,126390,1999-04-01,1999,2
Income,1700626,1999-04-01,1999,2
Housing Expenses,140119,1999-04-01,1999,2
Income,2037798,1999-07-01,1999,3
Housing Expenses,115727,1999-07-01,1999,3
Income,2280919,1999-07-01,1999,3
Housing Expenses,109488,1999-07-01,1999,3
Income,1718472,1999-07-01,1999,3
Housing Expenses,123922,1999-07-01,1999,3
Income,2150771,1999-10-01,1999,4
Housing Expenses,141532,1999-10-01,1999,4
Income,2337809,1999-10-01,1999,4
Housing Expenses,132941,1999-10-01,1999,4
Income,1895911,1999-10-01,1999,4
Housing Expenses,153238,1999-10-01,1999,4
Income,2162493,2000-01-01,2000,1
Housing Expenses,169004,2000-01-01,2000,1
Income,2366669,2000-01-01,2000,1
Housing Expenses,167368,2000-01-01,2000,1
Income,1890804,2000-01-01,2000,1
Housing Expenses,171182,2000-01-01,2000,1
Income,2190388,2000-04-01,2000,2
Housing Expenses,156070,2000-04-01,2000,2
Income,2358357,2000-04-01,2000,2
Housing Expenses,147262,2000-04-01,2000,2
Income,1965892,2000-04-01,2000,2
Housing Expenses,167843,2000-04-01,2000,2
Income,2251162,2000-07-01,2000,3
Housing Expenses,127729,2000-07-01,2000,3
Income,2461107,2000-07-01,2000,3
Housing Expenses,125805,2000-07-01,2000,3
Income,1972094,2000-07-01,2000,3
Housing Expenses,130286,2000-07-01,2000,3
Income,2279058,2000-10-01,2000,4
Housing Expenses,153262,2000-10-01,2000,4
Income,2454401,2000-10-01,2000,4
Housing Expenses,149953,2000-10-01,2000,4
Income,2045717,2000-10-01,2000,4
Housing Expenses,157665,2000-10-01,2000,4
Income,2345507,2001-01-01,2001,1
Housing Expenses,194521,2001-01-01,2001,1
Income,2605111,2001-01-01,2001,1
Housing Expenses,197817,2001-01-01,2001,1
Income,2007551,2001-01-01,2001,1
Housing Expenses,190230,2001-01-01,2001,1
Income,2325331,2001-04-01,2001,2
Housing Expenses,183173,2001-04-01,2001,2
Income,2520316,2001-04-01,2001,2
Housing Expenses,174897,2001-04-01,2001,2
Income,2061988,2001-04-01,2001,2
Housing Expenses,194351,2001-04-01,2001,2
Income,2506651,2001-07-01,2001,3
Housing Expenses,151837,2001-07-01,2001,3
Income,2761632,2001-07-01,2001,3
Housing Expenses,143022,2001-07-01,2001,3
Income,2169728,2001-07-01,2001,3
Housing Expenses,163485,2001-07-01,2001,3
Income,2527119,2001-10-01,2001,4
Housing Expenses,165065,2001-10-01,2001,4
Income,2771062,2001-10-01,2001,4
Housing Expenses,161291,2001-10-01,2001,4
Income,2205253,2001-10-01,2001,4
Housing Expenses,170043,2001-10-01,2001,4
Income,2591918,2002-01-01,2002,1
Housing Expenses,196480,2002-01-01,2002,1
Income,2837833,2002-01-01,2002,1
Housing Expenses,203858,2002-01-01,2002,1
Income,2268856,2002-01-01,2002,1
Housing Expenses,186789,2002-01-01,2002,1
Income,2551194,2002-04-01,2002,2
Housing Expenses,165515,2002-04-01,2002,2
Income,2778922,2002-04-01,2002,2
Housing Expenses,172457,2002-04-01,2002,2
Income,2248575,2002-04-01,2002,2
Housing Expenses,156289,2002-04-01,2002,2
Income,2638241,2002-07-01,2002,3
Housing Expenses,144690,2002-07-01,2002,3
Income,2902185,2002-07-01,2002,3
Housing Expenses,144700,2002-07-01,2002,3
Income,2291416,2002-07-01,2002,3
Housing Expenses,144677,2002-07-01,2002,3
Income,2586028,2002-10-01,2002,4
Housing Expenses,180912,2002-10-01,2002,4
Income,2855608,2002-10-01,2002,4
Housing Expenses,181129,2002-10-01,2002,4
Income,2234458,2002-10-01,2002,4
Housing Expenses,180630,2002-10-01,2002,4
Income,2663267,2003-01-01,2003,1
Housing Expenses,202267,2003-01-01,2003,1
Income,2582089,2003-01-01,2003,1
Housing Expenses,198104,2003-01-01,2003,1
Income,2893599,2003-01-01,2003,1
Housing Expenses,198656,2003-01-01,2003,1
Income,2845840,2003-01-01,2003,1
Housing Expenses,194969,2003-01-01,2003,1
Income,2336322,2003-01-01,2003,1
Housing Expenses,207391,2003-01-01,2003,1
Income,2221416,2003-01-01,2003,1
Housing Expenses,202390,2003-01-01,2003,1
Income,2637504,2003-04-01,2003,2
Housing Expenses,173523,2003-04-01,2003,2
Income,2558371,2003-04-01,2003,2
Housing Expenses,166838,2003-04-01,2003,2
Income,2846746,2003-04-01,2003,2
Housing Expenses,173173,2003-04-01,2003,2
Income,2788401,2003-04-01,2003,2
Housing Expenses,166404,2003-04-01,2003,2
Income,2325099,2003-04-01,2003,2
Housing Expenses,174045,2003-04-01,2003,2
Income,2228076,2003-04-01,2003,2
Housing Expenses,167462,2003-04-01,2003,2
Income,2760024,2003-07-01,2003,3
Housing Expenses,143504,2003-07-01,2003,3
Income,2672267,2003-07-01,2003,3
Housing Expenses,139304,2003-07-01,2003,3
Income,3028878,2003-07-01,2003,3
Housing Expenses,142203,2003-07-01,2003,3
Income,2964442,2003-07-01,2003,3
Housing Expenses,138483,2003-07-01,2003,3
Income,2373334,2003-07-01,2003,3
Housing Expenses,145375,2003-07-01,2003,3
Income,2266949,2003-07-01,2003,3
Housing Expenses,140442,2003-07-01,2003,3
Income,2786590,2003-10-01,2003,4
Housing Expenses,171389,2003-10-01,2003,4
Income,2709546,2003-10-01,2003,4
Housing Expenses,168365,2003-10-01,2003,4
Income,3013319,2003-10-01,2003,4
Housing Expenses,171814,2003-10-01,2003,4
Income,2961407,2003-10-01,2003,4
Housing Expenses,168265,2003-10-01,2003,4
Income,2448322,2003-10-01,2003,4
Housing Expenses,170755,2003-10-01,2003,4
Income,2350896,2003-10-01,2003,4
Housing Expenses,168506,2003-10-01,2003,4
Income,2846384,2004-01-01,2004,1
Housing Expenses,210201,2004-01-01,2004,1
Income,2757680,2004-01-01,2004,1
Housing Expenses,204884,2004-01-01,2004,1
Income,3117382,2004-01-01,2004,1
Housing Expenses,210203,2004-01-01,2004,1
Income,3061038,2004-01-01,2004,1
Housing Expenses,205874,2004-01-01,2004,1
Income,2449037,2004-01-01,2004,1
Housing Expenses,210199,2004-01-01,2004,1
Income,2333988,2004-01-01,2004,1
Housing Expenses,203502,2004-01-01,2004,1
Income,2789028,2004-04-01,2004,2
Housing Expenses,174812,2004-04-01,2004,2
Income,2717095,2004-04-01,2004,2
Housing Expenses,170676,2004-04-01,2004,2
Income,2986586,2004-04-01,2004,2
Housing Expenses,176268,2004-04-01,2004,2
Income,2937801,2004-04-01,2004,2
Housing Expenses,172201,2004-04-01,2004,2
Income,2491248,2004-04-01,2004,2
Housing Expenses,172619,2004-04-01,2004,2
Income,2399017,2004-04-01,2004,2
Housing Expenses,168479,2004-04-01,2004,2
Income,2941362,2004-07-01,2004,3
Housing Expenses,154626,2004-07-01,2004,3
Income,2863118,2004-07-01,2004,3
Housing Expenses,149776,2004-07-01,2004,3
Income,3248893,2004-07-01,2004,3
Housing Expenses,154974,2004-07-01,2004,3
Income,3195745,2004-07-01,2004,3
Housing Expenses,151279,2004-07-01,2004,3
Income,2499148,2004-07-01,2004,3
Housing Expenses,154126,2004-07-01,2004,3
Income,2405224,2004-07-01,2004,3
Housing Expenses,147707,2004-07-01,2004,3
Income,2896575,2004-10-01,2004,4
Housing Expenses,173134,2004-10-01,2004,4
Income,2815951,2004-10-01,2004,4
Housing Expenses,171312,2004-10-01,2004,4
Income,3154732,2004-10-01,2004,4
Housing Expenses,175858,2004-10-01,2004,4
Income,3095824,2004-10-01,2004,4
Housing Expenses,174820,2004-10-01,2004,4
Income,2516692,2004-10-01,2004,4
Housing Expenses,169125,2004-10-01,2004,4
Income,2418622,2004-10-01,2004,4
Housing Expenses,166332,2004-10-01,2004,4
Income,2989474,2005-01-01,2005,1
Housing Expenses,226457,2005-01-01,2005,1
Income,2907714,2005-01-01,2005,1
Housing Expenses,218064,2005-01-01,2005,1
Income,3321011,2005-01-01,2005,1
Housing Expenses,226096,2005-01-01,2005,1
Income,3278085,2005-01-01,2005,1
Housing Expenses,220517,2005-01-01,2005,1
Income,2522892,2005-01-01,2005,1
Housing Expenses,226966,2005-01-01,2005,1
Income,2406481,2005-01-01,2005,1
Housing Expenses,214744,2005-01-01,2005,1
Income,2903278,2005-04-01,2005,2
Housing Expenses,185834,2005-04-01,2005,2
Income,2837566,2005-04-01,2005,2
Housing Expenses,179463,2005-04-01,2005,2
Income,3127049,2005-04-01,2005,2
Housing Expenses,186207,2005-04-01,2005,2
Income,3098202,2005-04-01,2005,2
Housing Expenses,181600,2005-04-01,2005,2
Income,2570178,2005-04-01,2005,2
Housing Expenses,185279,2005-04-01,2005,2
Income,2464377,2005-04-01,2005,2
Housing Expenses,176403,2005-04-01,2005,2
Income,2993281,2005-07-01,2005,3
Housing Expenses,159684,2005-07-01,2005,3
Income,2919518,2005-07-01,2005,3
Housing Expenses,155236,2005-07-01,2005,3
Income,3308483,2005-07-01,2005,3
Housing Expenses,162800,2005-07-01,2005,3
Income,3265940,2005-07-01,2005,3
Housing Expenses,160222,2005-07-01,2005,3
Income,2535235,2005-07-01,2005,3
Housing Expenses,155156,2005-07-01,2005,3
Income,2439447,2005-07-01,2005,3
Housing Expenses,148327,2005-07-01,2005,3
Income,3006045,2005-10-01,2005,4
Housing Expenses,181033,2005-10-01,2005,4
Income,2928678,2005-10-01,2005,4
Housing Expenses,181211,2005-10-01,2005,4
Income,3302880,2005-10-01,2005,4
Housing Expenses,179347,2005-10-01,2005,4
Income,3266067,2005-10-01,2005,4
Housing Expenses,181518,2005-10-01,2005,4
Income,2573528,2005-10-01,2005,4
Housing Expenses,183489,2005-10-01,2005,4
Income,2460257,2005-10-01,2005,4
Housing Expenses,180783,2005-10-01,2005,4
Income,3129330,2006-01-01,2006,1
Housing Expenses,236586,2006-01-01,2006,1
Income,3033424,2006-01-01,2006,1
Housing Expenses,229808,2006-01-01,2006,1
Income,3471938,2006-01-01,2006,1
Housing Expenses,239105,2006-01-01,2006,1
Income,3424062,2006-01-01,2006,1
Housing Expenses,233677,2006-01-01,2006,1
Income,2634926,2006-01-01,2006,1
Housing Expenses,232950,2006-01-01,2006,1
Income,2501336,2006-01-01,2006,1
Housing Expenses,224536,2006-01-01,2006,1
Income,3031383,2006-04-01,2006,2
Housing Expenses,193337,2006-04-01,2006,2
Income,2965551,2006-04-01,2006,2
Housing Expenses,187792,2006-04-01,2006,2
Income,3323627,2006-04-01,2006,2
Housing Expenses,199668,2006-04-01,2006,2
Income,3289252,2006-04-01,2006,2
Housing Expenses,194699,2006-04-01,2006,2
Income,2588523,2006-04-01,2006,2
Housing Expenses,183743,2006-04-01,2006,2
Income,2496216,2006-04-01,2006,2
Housing Expenses,177776,2006-04-01,2006,2
Income,3099584,2006-07-01,2006,3
Housing Expenses,172500,2006-07-01,2006,3
Income,3033176,2006-07-01,2006,3
Housing Expenses,168143,2006-07-01,2006,3
Income,3456375,2006-07-01,2006,3
Housing Expenses,176339,2006-07-01,2006,3
Income,3428327,2006-07-01,2006,3
Housing Expenses,173521,2006-07-01,2006,3
Income,2574511,2006-07-01,2006,3
Housing Expenses,166849,2006-07-01,2006,3
Income,2478607,2006-07-01,2006,3
Housing Expenses,160596,2006-07-01,2006,3
Income,3219827,2006-10-01,2006,4
Housing Expenses,185591,2006-10-01,2006,4
Income,3134298,2006-10-01,2006,4
Housing Expenses,185478,2006-10-01,2006,4
Income,3588015,2006-10-01,2006,4
Housing Expenses,186625,2006-10-01,2006,4
Income,3539338,2006-10-01,2006,4
Housing Expenses,188419,2006-10-01,2006,4
Income,2682840,2006-10-01,2006,4
Housing Expenses,184084,2006-10-01,2006,4
Income,2577058,2006-10-01,2006,4
Housing Expenses,181432,2006-10-01,2006,4
Income,3302574,2007-01-01,2007,1
Housing Expenses,236342,2007-01-01,2007,1
Income,3214433,2007-01-01,2007,1
Housing Expenses,228429,2007-01-01,2007,1
Income,3758636,2007-01-01,2007,1
Housing Expenses,235460,2007-01-01,2007,1
Income,3694398,2007-01-01,2007,1
Housing Expenses,230917,2007-01-01,2007,1
Income,2666714,2007-01-01,2007,1
Housing Expenses,237572,2007-01-01,2007,1
Income,2580297,2007-01-01,2007,1
Housing Expenses,225141,2007-01-01,2007,1
Income,3148824,2007-04-01,2007,2
Housing Expenses,196664,2007-04-01,2007,2
Income,3074534,2007-04-01,2007,2
Housing Expenses,191060,2007-04-01,2007,2
Income,3483603,2007-04-01,2007,2
Housing Expenses,193168,2007-04-01,2007,2
Income,3419381,2007-04-01,2007,2
Housing Expenses,187942,2007-04-01,2007,2
Income,2658197,2007-04-01,2007,2
Housing Expenses,201787,2007-04-01,2007,2
Income,2591673,2007-04-01,2007,2
Housing Expenses,195426,2007-04-01,2007,2
Income,3341487,2007-07-01,2007,3
Housing Expenses,168156,2007-07-01,2007,3
Income,3255649,2007-07-01,2007,3
Housing Expenses,163643,2007-07-01,2007,3
Income,3746383,2007-07-01,2007,3
Housing Expenses,168688,2007-07-01,2007,3
Income,3677964,2007-07-01,2007,3
Housing Expenses,165340,2007-07-01,2007,3
Income,2735040,2007-07-01,2007,3
Housing Expenses,167358,2007-07-01,2007,3
Income,2655311,2007-07-01,2007,3
Housing Expenses,161229,2007-07-01,2007,3
Income,3339172,2007-10-01,2007,4
Housing Expenses,200553,2007-10-01,2007,4
Income,3248737,2007-10-01,2007,4
Housing Expenses,199780,2007-10-01,2007,4
Income,3731046,2007-10-01,2007,4
Housing Expenses,199447,2007-10-01,2007,4
Income,3652219,2007-10-01,2007,4
Housing Expenses,199105,2007-10-01,2007,4
Income,2760251,2007-10-01,2007,4
Housing Expenses,202188,2007-10-01,2007,4
Income,2681333,2007-10-01,2007,4
Housing Expenses,200729,2007-10-01,2007,4
Income,3531684,2008-01-01,2008,1
Housing Expenses,254031,2008-01-01,2008,1
Income,3429714,2008-01-01,2008,1
Housing Expenses,246239,2008-01-01,2008,1
Income,4046151,2008-01-01,2008,1
Housing Expenses,251650,2008-01-01,2008,1
Income,3961769,2008-01-01,2008,1
Housing Expenses,247966,2008-01-01,2008,1
Income,2783278,2008-01-01,2008,1
Housing Expenses,257494,2008-01-01,2008,1
Income,2698313,2008-01-01,2008,1
Housing Expenses,243865,2008-01-01,2008,1
Income,3392783,2008-04-01,2008,2
Housing Expenses,208121,2008-04-01,2008,2
Income,3280709,2008-04-01,2008,2
Housing Expenses,200200,2008-04-01,2008,2
Income,3795947,2008-04-01,2008,2
Housing Expenses,209138,2008-04-01,2008,2
Income,3688259,2008-04-01,2008,2
Housing Expenses,203551,2008-04-01,2008,2
Income,2786404,2008-04-01,2008,2
Housing Expenses,206590,2008-04-01,2008,2
Income,2695135,2008-04-01,2008,2
Housing Expenses,195384,2008-04-01,2008,2
Income,3575046,2008-07-01,2008,3
Housing Expenses,177719,2008-07-01,2008,3
Income,3477986,2008-07-01,2008,3
Housing Expenses,174492,2008-07-01,2008,3
Income,4023598,2008-07-01,2008,3
Housing Expenses,178483,2008-07-01,2008,3
Income,3927038,2008-07-01,2008,3
Housing Expenses,177329,2008-07-01,2008,3
Income,2897935,2008-07-01,2008,3
Housing Expenses,176566,2008-07-01,2008,3
Income,2834737,2008-07-01,2008,3
Housing Expenses,170428,2008-07-01,2008,3
Income,3463625,2008-10-01,2008,4
Housing Expenses,204649,2008-10-01,2008,4
Income,3371354,2008-10-01,2008,4
Housing Expenses,200301,2008-10-01,2008,4
Income,3867959,2008-10-01,2008,4
Housing Expenses,208551,2008-10-01,2008,4
Income,3771550,2008-10-01,2008,4
Housing Expenses,205117,2008-10-01,2008,4
Income,2841150,2008-10-01,2008,4
Housing Expenses,198642,2008-10-01,2008,4
Income,2781209,2008-10-01,2008,4
Housing Expenses,193199,2008-10-01,2008,4
Income,3524824,2009-01-01,2009,1
Housing Expenses,255084,2009-01-01,2009,1
Income,3472233,2009-01-01,2009,1
Housing Expenses,249719,2009-01-01,2009,1
Income,4009714,2009-01-01,2009,1
Housing Expenses,258930,2009-01-01,2009,1
Income,3959915,2009-01-01,2009,1
Housing Expenses,254647,2009-01-01,2009,1
Income,2803004,2009-01-01,2009,1
Housing Expenses,249359,2009-01-01,2009,1
Income,2758499,2009-01-01,2009,1
Housing Expenses,242507,2009-01-01,2009,1
Income,3326275,2009-04-01,2009,2
Housing Expenses,211803,2009-04-01,2009,2
Income,3295793,2009-04-01,2009,2
Housing Expenses,206097,2009-04-01,2009,2
Income,3704019,2009-04-01,2009,2
Housing Expenses,209761,2009-04-01,2009,2
Income,3653089,2009-04-01,2009,2
Housing Expenses,205419,2009-04-01,2009,2
Income,2764766,2009-04-01,2009,2
Housing Expenses,214837,2009-04-01,2009,2
Income,2770071,2009-04-01,2009,2
Housing Expenses,207095,2009-04-01,2009,2
Income,3484018,2009-07-01,2009,3
Housing Expenses,180723,2009-07-01,2009,3
Income,3449739,2009-07-01,2009,3
Housing Expenses,177727,2009-07-01,2009,3
Income,3900620,2009-07-01,2009,3
Housing Expenses,182660,2009-07-01,2009,3
Income,3845883,2009-07-01,2009,3
Housing Expenses,181359,2009-07-01,2009,3
Income,2861424,2009-07-01,2009,3
Housing Expenses,177828,2009-07-01,2009,3
Income,2863134,2009-07-01,2009,3
Housing Expenses,172348,2009-07-01,2009,3
Income,3565640,2009-10-01,2009,4
Housing Expenses,209478,2009-10-01,2009,4
Income,3535919,2009-10-01,2009,4
Housing Expenses,209138,2009-10-01,2009,4
Income,3912314,2009-10-01,2009,4
Housing Expenses,213834,2009-10-01,2009,4
Income,3873425,2009-10-01,2009,4
Housing Expenses,214088,2009-10-01,2009,4
Income,3026692,2009-10-01,2009,4
Housing Expenses,202707,2009-10-01,2009,4
Income,3017411,2009-10-01,2009,4
Housing Expenses,201532,2009-10-01,2009,4
Income,3775122,2010-01-01,2010,1
Housing Expenses,287755,2010-01-01,2010,1
Income,3727954,2010-01-01,2010,1
Housing Expenses,284679,2010-01-01,2010,1
Income,4211953,2010-01-01,2010,1
Housing Expenses,289158,2010-01-01,2010,1
Income,4172013,2010-01-01,2010,1
Housing Expenses,286858,2010-01-01,2010,1
Income,3143363,2010-01-01,2010,1
Housing Expenses,285725,2010-01-01,2010,1
Income,3090111,2010-01-01,2010,1
Housing Expenses,281549,2010-01-01,2010,1
Income,3583912,2010-04-01,2010,2
Housing Expenses,228223,2010-04-01,2010,2
Income,3545153,2010-04-01,2010,2
Housing Expenses,224734,2010-04-01,2010,2
Income,3888913,2010-04-01,2010,2
Housing Expenses,225703,2010-04-01,2010,2
Income,3845905,2010-04-01,2010,2
Housing Expenses,223685,2010-04-01,2010,2
Income,3105915,2010-04-01,2010,2
Housing Expenses,232174,2010-04-01,2010,2
Income,3076116,2010-04-01,2010,2
Housing Expenses,226371,2010-04-01,2010,2
Income,3703413,2010-07-01,2010,3
Housing Expenses,191374,2010-07-01,2010,3
Income,3660223,2010-07-01,2010,3
Housing Expenses,189258,2010-07-01,2010,3
Income,4042094,2010-07-01,2010,3
Housing Expenses,191247,2010-07-01,2010,3
Income,3994403,2010-07-01,2010,3
Housing Expenses,190574,2010-07-01,2010,3
Income,3166764,2010-07-01,2010,3
Housing Expenses,191574,2010-07-01,2010,3
Income,3137124,2010-07-01,2010,3
Housing Expenses,187198,2010-07-01,2010,3
Income,3649443,2010-10-01,2010,4
Housing Expenses,221422,2010-10-01,2010,4
Income,3620365,2010-10-01,2010,4
Housing Expenses,222398,2010-10-01,2010,4
Income,3992857,2010-10-01,2010,4
Housing Expenses,219572,2010-10-01,2010,4
Income,3955663,2010-10-01,2010,4
Housing Expenses,220471,2010-10-01,2010,4
Income,3127655,2010-10-01,2010,4
Housing Expenses,224233,2010-10-01,2010,4
Income,3115133,2010-10-01,2010,4
Housing Expenses,225303,2010-10-01,2010,4
Income,3913761,2011-01-01,2011,1
Housing Expenses,297083,2011-01-01,2011,1
Income,3857626,2011-01-01,2011,1
Housing Expenses,295786,2011-01-01,2011,1
Income,4387262,2011-01-01,2011,1
Housing Expenses,299020,2011-01-01,2011,1
Income,4334355,2011-01-01,2011,1
Housing Expenses,298496,2011-01-01,2011,1
Income,3207164,2011-01-01,2011,1
Housing Expenses,294194,2011-01-01,2011,1
Income,3150384,2011-01-01,2011,1
Housing Expenses,291766,2011-01-01,2011,1
Income,3761903,2011-04-01,2011,2
Housing Expenses,243065,2011-04-01,2011,2
Income,3713476,2011-04-01,2011,2
Housing Expenses,241125,2011-04-01,2011,2
Income,4091551,2011-04-01,2011,2
Housing Expenses,245022,2011-04-01,2011,2
Income,4035209,2011-04-01,2011,2
Housing Expenses,245456,2011-04-01,2011,2
Income,3246207,2011-04-01,2011,2
Housing Expenses,240004,2011-04-01,2011,2
Income,3210083,2011-04-01,2011,2
Housing Expenses,234349,2011-04-01,2011,2
Income,3946469,2011-07-01,2011,3
Housing Expenses,202989,2011-07-01,2011,3
Income,3897609,2011-07-01,2011,3
Housing Expenses,200716,2011-07-01,2011,3
Income,4335289,2011-07-01,2011,3
Housing Expenses,199109,2011-07-01,2011,3
Income,4288742,2011-07-01,2011,3
Housing Expenses,198896,2011-07-01,2011,3
Income,3329809,2011-07-01,2011,3
Housing Expenses,209144,2011-07-01,2011,3
Income,3279543,2011-07-01,2011,3
Housing Expenses,203593,2011-07-01,2011,3
Income,3936719,2011-10-01,2011,4
Housing Expenses,229062,2011-10-01,2011,4
Income,3883351,2011-10-01,2011,4
Housing Expenses,231875,2011-10-01,2011,4
Income,4276065,2011-10-01,2011,4
Housing Expenses,232737,2011-10-01,2011,4
Income,4222024,2011-10-01,2011,4
Housing Expenses,235141,2011-10-01,2011,4
Income,3386713,2011-10-01,2011,4
Housing Expenses,223105,2011-10-01,2011,4
Income,3338808,2011-10-01,2011,4
Housing Expenses,226625,2011-10-01,2011,4
Income,4178467,2012-01-01,2012,1
Housing Expenses,317440,2012-01-01,2012,1
Income,4123524,2012-01-01,2012,1
Housing Expenses,316148,2012-01-01,2012,1
Income,4682237,2012-01-01,2012,1
Housing Expenses,324465,2012-01-01,2012,1
Income,4634950,2012-01-01,2012,1
Housing Expenses,322398,2012-01-01,2012,1
Income,3377648,2012-01-01,2012,1
Housing Expenses,306272,2012-01-01,2012,1
Income,3322785,2012-01-01,2012,1
Housing Expenses,306364,2012-01-01,2012,1
Income,3993860,2012-04-01,2012,2
Housing Expenses,248228,2012-04-01,2012,2
Income,3942286,2012-04-01,2012,2
Housing Expenses,244897,2012-04-01,2012,2
Income,4313095,2012-04-01,2012,2
Housing Expenses,255429,2012-04-01,2012,2
Income,4262401,2012-04-01,2012,2
Housing Expenses,252719,2012-04-01,2012,2
Income,3464208,2012-04-01,2012,2
Housing Expenses,236280,2012-04-01,2012,2
Income,3413853,2012-04-01,2012,2
Housing Expenses,231984,2012-04-01,2012,2
Income,4187731,2012-07-01,2012,3
Housing Expenses,215416,2012-07-01,2012,3
Income,4141859,2012-07-01,2012,3
Housing Expenses,211868,2012-07-01,2012,3
Income,4583766,2012-07-01,2012,3
Housing Expenses,217556,2012-07-01,2012,3
Income,4542005,2012-07-01,2012,3
Housing Expenses,214172,2012-07-01,2012,3
Income,3520706,2012-07-01,2012,3
Housing Expenses,211812,2012-07-01,2012,3
Income,3477609,2012-07-01,2012,3
Housing Expenses,208044,2012-07-01,2012,3
Income,4137017,2012-10-01,2012,4
Housing Expenses,252366,2012-10-01,2012,4
Income,4092551,2012-10-01,2012,4
Housing Expenses,253713,2012-10-01,2012,4
Income,4517441,2012-10-01,2012,4
Housing Expenses,247881,2012-10-01,2012,4
Income,4481154,2012-10-01,2012,4
Housing Expenses,250689,2012-10-01,2012,4
Income,3500616,2012-10-01,2012,4
Housing Expenses,259869,2012-10-01,2012,4
Income,3450865,2012-10-01,2012,4
Housing Expenses,258708,2012-10-01,2012,4
Income,4237786,2013-01-01,2013,1
Housing Expenses,326974,2013-01-01,2013,1
Income,4192558,2013-01-01,2013,1
Housing Expenses,325693,2013-01-01,2013,1
Income,4784174,2013-01-01,2013,1
Housing Expenses,331563,2013-01-01,2013,1
Income,4743109,2013-01-01,2013,1
Housing Expenses,332110,2013-01-01,2013,1
Income,3359423,2013-01-01,2013,1
Housing Expenses,319596,2013-01-01,2013,1
Income,3327672,2013-01-01,2013,1
Housing Expenses,315612,2013-01-01,2013,1
Income,4076229,2013-04-01,2013,2
Housing Expenses,264996,2013-04-01,2013,2
Income,4040630,2013-04-01,2013,2
Housing Expenses,260912,2013-04-01,2013,2
Income,4447413,2013-04-01,2013,2
Housing Expenses,268591,2013-04-01,2013,2
Income,4420343,2013-04-01,2013,2
Housing Expenses,265911,2013-04-01,2013,2
Income,3445257,2013-04-01,2013,2
Housing Expenses,258883,2013-04-01,2013,2
Income,3406504,2013-04-01,2013,2
Housing Expenses,252563,2013-04-01,2013,2
Income,4302687,2013-07-01,2013,3
Housing Expenses,229309,2013-07-01,2013,3
Income,4259920,2013-07-01,2013,3
Housing Expenses,225355,2013-07-01,2013,3
Income,4737353,2013-07-01,2013,3
Housing Expenses,233223,2013-07-01,2013,3
Income,4708303,2013-07-01,2013,3
Housing Expenses,230321,2013-07-01,2013,3
Income,3539805,2013-07-01,2013,3
Housing Expenses,222441,2013-07-01,2013,3
Income,3487549,2013-07-01,2013,3
Housing Expenses,216801,2013-07-01,2013,3
Income,4209649,2013-10-01,2013,4
Housing Expenses,255824,2013-10-01,2013,4
Income,4163223,2013-10-01,2013,4
Housing Expenses,255755,2013-10-01,2013,4
Income,4616619,2013-10-01,2013,4
Housing Expenses,257538,2013-10-01,2013,4
Income,4568281,2013-10-01,2013,4
Housing Expenses,256409,2013-10-01,2013,4
Income,3496733,2013-10-01,2013,4
Housing Expenses,252822,2013-10-01,2013,4
Income,3465178,2013-10-01,2013,4
Housing Expenses,254627,2013-10-01,2013,4
Income,4442175,2014-01-01,2014,1
Housing Expenses,323159,2014-01-01,2014,1
Income,4403278,2014-01-01,2014,1
Housing Expenses,323454,2014-01-01,2014,1
Income,4974618,2014-01-01,2014,1
Housing Expenses,327858,2014-01-01,2014,1
Income,4955345,2014-01-01,2014,1
Housing Expenses,329153,2014-01-01,2014,1
Income,3565603,2014-01-01,2014,1
Housing Expenses,315422,2014-01-01,2014,1
Income,3511582,2014-01-01,2014,1
Housing Expenses,314250,2014-01-01,2014,1
Income,4186937,2014-04-01,2014,2
Housing Expenses,262229,2014-04-01,2014,2
Income,4152171,2014-04-01,2014,2
Housing Expenses,258006,2014-04-01,2014,2
Income,4549550,2014-04-01,2014,2
Housing Expenses,268421,2014-04-01,2014,2
Income,4514663,2014-04-01,2014,2
Housing Expenses,264923,2014-04-01,2014,2
Income,3544808,2014-04-01,2014,2
Housing Expenses,251264,2014-04-01,2014,2
Income,3523313,2014-04-01,2014,2
Housing Expenses,246006,2014-04-01,2014,2
Income,4422837,2014-07-01,2014,3
Housing Expenses,226382,2014-07-01,2014,3
Income,4387554,2014-07-01,2014,3
Housing Expenses,223631,2014-07-01,2014,3
Income,4837662,2014-07-01,2014,3
Housing Expenses,229675,2014-07-01,2014,3
Income,4803171,2014-07-01,2014,3
Housing Expenses,227901,2014-07-01,2014,3
Income,3685121,2014-07-01,2014,3
Housing Expenses,220526,2014-07-01,2014,3
Income,3660871,2014-07-01,2014,3
Housing Expenses,216166,2014-07-01,2014,3
Income,4287024,2014-10-01,2014,4
Housing Expenses,255557,2014-10-01,2014,4
Income,4264132,2014-10-01,2014,4
Housing Expenses,256242,2014-10-01,2014,4
Income,4697722,2014-10-01,2014,4
Housing Expenses,257248,2014-10-01,2014,4
Income,4666935,2014-10-01,2014,4
Housing Expenses,258349,2014-10-01,2014,4
Income,3547237,2014-10-01,2014,4
Housing Expenses,252513,2014-10-01,2014,4
Income,3549273,2014-10-01,2014,4
Housing Expenses,252502,2014-10-01,2014,4
Income,4549865,2015-01-01,2015,1
Housing Expenses,340804,2015-01-01,2015,1
Income,4517282,2015-01-01,2015,1
Housing Expenses,335825,2015-01-01,2015,1
Income,5080503,2015-01-01,2015,1
Housing Expenses,343529,2015-01-01,2015,1
Income,5051084,2015-01-01,2015,1
Housing Expenses,340082,2015-01-01,2015,1
Income,3635999,2015-01-01,2015,1
Housing Expenses,336111,2015-01-01,2015,1
Income,3622824,2015-01-01,2015,1
Housing Expenses,328692,2015-01-01,2015,1
Income,4304380,2015-04-01,2015,2
Housing Expenses,285053,2015-04-01,2015,2
Income,4270567,2015-04-01,2015,2
Housing Expenses,278066,2015-04-01,2015,2
Income,4665765,2015-04-01,2015,2
Housing Expenses,281705,2015-04-01,2015,2
Income,4628505,2015-04-01,2015,2
Housing Expenses,277786,2015-04-01,2015,2
Income,3655787,2015-04-01,2015,2
Housing Expenses,291063,2015-04-01,2015,2
Income,3641893,2015-04-01,2015,2
Housing Expenses,278559,2015-04-01,2015,2
Income,4439672,2015-07-01,2015,3
Housing Expenses,241529,2015-07-01,2015,3
Income,4416469,2015-07-01,2015,3
Housing Expenses,241053,2015-07-01,2015,3
Income,4882663,2015-07-01,2015,3
Housing Expenses,249467,2015-07-01,2015,3
Income,4861702,2015-07-01,2015,3
Housing Expenses,246119,2015-07-01,2015,3
Income,3654093,2015-07-01,2015,3
Housing Expenses,227452,2015-07-01,2015,3
Income,3643362,2015-07-01,2015,3
Housing Expenses,232257,2015-07-01,2015,3
Income,4334547,2015-10-01,2015,4
Housing Expenses,254658,2015-10-01,2015,4
Income,4301574,2015-10-01,2015,4
Housing Expenses,255079,2015-10-01,2015,4
Income,4717494,2015-10-01,2015,4
Housing Expenses,263098,2015-10-01,2015,4
Income,4689379,2015-10-01,2015,4
Housing Expenses,263552,2015-10-01,2015,4
Income,3643477,2015-10-01,2015,4
Housing Expenses,239427,2015-10-01,2015,4
Income,3618555,2015-10-01,2015,4
Housing Expenses,240155,2015-10-01,2015,4
Income,4590821,2016-01-01,2016,1
Housing Expenses,327365,2016-01-01,2016,1
Income,4555219,2016-01-01,2016,1
Housing Expenses,323886,2016-01-01,2016,1
Income,5172557,2016-01-01,2016,1
Housing Expenses,332422,2016-01-01,2016,1
Income,5151118,2016-01-01,2016,1
Housing Expenses,328775,2016-01-01,2016,1
Income,3628464,2016-01-01,2016,1
Housing Expenses,318999,2016-01-01,2016,1
Income,3602817,2016-01-01,2016,1
Housing Expenses,316072,2016-01-01,2016,1
Income,4342782,2016-04-01,2016,2
Housing Expenses,276861,2016-04-01,2016,2
Income,4306412,2016-04-01,2016,2
Housing Expenses,272604,2016-04-01,2016,2
Income,4748993,2016-04-01,2016,2
Housing Expenses,273876,2016-04-01,2016,2
Income,4726952,2016-04-01,2016,2
Housing Expenses,269965,2016-04-01,2016,2
Income,3629828,2016-04-01,2016,2
Housing Expenses,282101,2016-04-01,2016,2
Income,3587208,2016-04-01,2016,2
Housing Expenses,277117,2016-04-01,2016,2
Income,4464183,2016-07-01,2016,3
Housing Expenses,247358,2016-07-01,2016,3
Income,4445435,2016-07-01,2016,3
Housing Expenses,242538,2016-07-01,2016,3
Income,4948983,2016-07-01,2016,3
Housing Expenses,251070,2016-07-01,2016,3
Income,4942837,2016-07-01,2016,3
Housing Expenses,247525,2016-07-01,2016,3
Income,3633200,2016-07-01,2016,3
Housing Expenses,240994,2016-07-01,2016,3
Income,3610077,2016-07-01,2016,3
Housing Expenses,234162,2016-07-01,2016,3
Income,4335580,2016-10-01,2016,4
Housing Expenses,253578,2016-10-01,2016,4
Income,4312029,2016-10-01,2016,4
Housing Expenses,250970,2016-10-01,2016,4
Income,4795445,2016-10-01,2016,4
Housing Expenses,259776,2016-10-01,2016,4
Income,4777570,2016-10-01,2016,4
Housing Expenses,257043,2016-10-01,2016,4
Income,3558782,2016-10-01,2016,4
Housing Expenses,243108,2016-10-01,2016,4
Income,3537942,2016-10-01,2016,4
Housing Expenses,240872,2016-10-01,2016,4
Income,4665034,2017-01-01,2017,1
Income,4593284,2017-01-01,2017,1
Income,5317810,2017-01-01,2017,1
Income,5251482,2017-01-01,2017,1
Income,3586743,2017-01-01,2017,1
Income,3533374,2017-01-01,2017,1
Income,4380398,2017-04-01,2017,2
Income,4346509,2017-04-01,2017,2
Income,4733687,2017-04-01,2017,2
Income,4708183,2017-04-01,2017,2
Income,3757399,2017-04-01,2017,2
Income,3718947,2017-04-01,2017,2
Income,4581179,2017-07-01,2017,3
Income,4537192,2017-07-01,2017,3
Income,5067814,2017-07-01,2017,3
Income,5028695,2017-07-01,2017,3
Income,3741382,2017-07-01,2017,3
Income,3702504,2017-07-01,2017,3
Income,4472246,2017-10-01,2017,4
Income,4445156,2017-10-01,2017,4
Income,4891049,2017-10-01,2017,4
Income,4873549,2017-10-01,2017,4
Income,3762108,2017-10-01,2017,4
Income,3728516,2017-10-01,2017,4
Income,4854856,2018-01-01,2018,1
Income,4762959,2018-01-01,2018,1
Income,5670229,2018-01-01,2018,1
Income,5584004,2018-01-01,2018,1
Income,3669884,2018-01-01,2018,1
Income,3599960,2018-01-01,2018,1
Income,4619408,2018-04-01,2018,2
Income,4530510,2018-04-01,2018,2
Income,5167683,2018-04-01,2018,2
Income,5071197,2018-04-01,2018,2
Income,3795046,2018-04-01,2018,2
Income,3725995,2018-04-01,2018,2
Income,4843786,2018-07-01,2018,3
Income,4747913,2018-07-01,2018,3
Income,5495150,2018-07-01,2018,3
Income,5407016,2018-07-01,2018,3
Income,3870546,2018-07-01,2018,3
Income,3786378,2018-07-01,2018,3
Income,4685940,2018-10-01,2018,4
Income,4606125,2018-10-01,2018,4
Income,5274193,2018-10-01,2018,4
Income,5209170,2018-10-01,2018,4
Income,3807491,2018-10-01,2018,4
Income,3729921,2018-10-01,2018,4
Income,4917719,2019-01-01,2019,1
Income,4826323,2019-01-01,2019,1
Income,5660138,2019-01-01,2019,1
Income,5608362,2019-01-01,2019,1
Income,3846639,2019-01-01,2019,1
Income,3740508,2019-01-01,2019,1
Income,4802320,2019-04-01,2019,2
Income,4704176,2019-04-01,2019,2
Income,5374467,2019-04-01,2019,2
Income,5296373,2019-04-01,2019,2
Income,3929180,2019-04-01,2019,2
Income,3825333,2019-04-01,2019,2
Income,4983946,2019-07-01,2019,3
Income,4876856,2019-07-01,2019,3
Income,5690639,2019-07-01,2019,3
Income,5609633,2019-07-01,2019,3
Income,3909227,2019-07-01,2019,3
Income,3800549,2019-07-01,2019,3
Income,4880947,2019-10-01,2019,4
Income,4771921,2019-10-01,2019,4
Income,5494686,2019-10-01,2019,4
Income,5411583,2019-10-01,2019,4
Income,3931339,2019-10-01,2019,4
Income,3815300,2019-10-01,2019,4
