Province,Year,Live Births,Fertility Rate,Crude birth rate(per 1000 population),Marriages,Crude marriage rate(per 1000 population)
Whole country,1990,649738,-,15.2,399312,9.3
Whole country,1991,709275,-,16.4,416872,9.6
Whole country,1992,730678,-,16.7,419774,9.6
Whole country,1993,715826,1.654,16,402593,9
Whole country,1994,721185,1.656,16,393121,8.7
Whole country,1995,715020,1.634,15.7,398484,8.7
Whole country,1996,691226,1.574,15,434911,9.4
Whole country,1997,675394,1.537,14.5,388960,8.4
Whole country,1998,641594,1.464,13.7,373500,8
Whole country,1999,620668,1.425,13.2,360407,7.6
Whole country,2000,640089,1.48,13.5,332090,7
Whole country,2001,559934,1.309,11.7,318407,6.7
Whole country,2002,496911,1.178,10.3,304877,6.3
Whole country,2003,495036,1.191,10.2,302503,6.3
Whole country,2004,476958,1.164,9.8,308598,6.4
Whole country,2005,438707,1.085,9,314304,6.5
Whole country,2006,451759,1.132,9.2,330634,6.8
Whole country,2007,496822,1.259,10.1,343559,7
Whole country,2008,465892,1.192,9.4,327715,6.6
Whole country,2009,444849,1.149,9,309759,6.2
Whole country,2010,470171,1.226,9.4,326104,6.5
Whole country,2012,484550,1.297,9.6,327073,6.5
Whole country,2013,436455,1.187,8.6,322807,6.4
Whole country,2014,435435,1.205,8.6,305507,6
Whole country,2017,357771,1.052,7,264455,5.2
Whole country,2018,326822,0.977,6.4,257622,5
Whole country,2019,302676,0.918,5.9,239159,4.7
Whole country,2020,272337,0.837,5.3,213502,4.2
Whole country,2021,260562,0.808,5.1,192507,3.8
Whole country,2023,230028,0.721,4.5,193657,3.8
Whole country,2024,238300,0.75,4.7,222412,4.4
Seoul,1990,168838,-,16.1,103843,9.9
Seoul,1991,180301,-,17.2,108370,10.4
Seoul,1992,182691,-,17.5,107821,10.3
Seoul,1993,175827,1.558,16.1,103511,9.5
Seoul,1994,175707,1.565,16.2,100960,9.3
Seoul,1995,166236,1.512,15.6,98525,9.2
Seoul,1996,152140,1.407,14.5,105100,10
Seoul,1997,142724,1.338,13.8,93932,9.1
Seoul,1998,134604,1.272,13.1,88219,8.6
Seoul,1999,128120,1.218,12.5,85215,8.3
Seoul,2000,133154,1.275,12.9,78745,7.7
Seoul,2001,114764,1.111,11.2,77376,7.5
Seoul,2002,102008,1.006,10,72696,7.1
Seoul,2003,101227,1.014,9.9,72750,7.1
Seoul,2004,99828,1.015,9.8,71553,7
Seoul,2005,90468,0.932,8.9,71286,7
Seoul,2006,93922,0.98,9.2,73924,7.3
Seoul,2007,101249,1.068,9.9,76399,7.5
Seoul,2008,94736,1.01,9.3,71753,7
Seoul,2009,89594,0.962,8.8,68841,6.7
Seoul,2010,93266,1.015,9.2,70466,6.9
Seoul,2012,93914,1.059,9.3,71695,7.1
Seoul,2013,84066,0.968,8.4,68819,6.9
Seoul,2014,83711,0.983,8.4,64823,6.5
Seoul,2017,65389,0.836,6.7,53776,5.5
Seoul,2018,58074,0.761,6,52005,5.4
Seoul,2019,53673,0.717,5.6,48261,5
Seoul,2020,47445,0.642,5,44746,4.7
Seoul,2021,45531,0.626,4.8,37012,3.9
Seoul,2023,39456,0.552,4.2,36324,3.9
Seoul,2024,41600,0.58,4.5,42471,4.6
Busan,1990,56014,-,14.7,32345,8.5
Busan,1991,59793,-,15.7,32861,8.6
Busan,1992,59702,-,15.6,33435,8.7
Busan,1993,56588,1.505,14.6,31395,8.1
Busan,1994,54427,1.468,14.1,29896,7.8
Busan,1995,52615,1.424,13.5,30800,7.9
Busan,1996,50139,1.386,12.9,32820,8.5
Busan,1997,46284,1.303,12,27890,7.2
Busan,1998,43200,1.241,11.2,27123,7.1
Busan,1999,41237,1.207,10.8,25495,6.7
Busan,2000,41222,1.235,10.8,23343,6.1
Busan,2001,35848,1.103,9.5,21825,5.8
Busan,2002,30767,0.975,8.2,20916,5.6
Busan,2003,30117,0.988,8.1,20027,5.4
Busan,2004,28231,0.953,7.7,19898,5.4
Busan,2005,25681,0.887,7,18973,5.2
Busan,2006,25881,0.915,7.1,20017,5.5
Busan,2007,28426,1.024,7.9,21484,6
Busan,2008,26670,0.98,7.5,20149,5.6
Busan,2009,25110,0.94,7.1,18614,5.2
Busan,2010,27415,1.045,7.8,20195,5.7
Busan,2012,28673,1.135,8.2,20362,5.8
Busan,2013,25831,1.049,7.4,20734,5.9
Busan,2014,26190,1.09,7.5,18927,5.4
Busan,2017,21480,0.976,6.2,15677,4.5
Busan,2018,19152,0.899,5.6,14781,4.3
Busan,2019,17049,0.827,5,13780,4.1
Busan,2020,15058,0.747,4.5,12128,3.6
Busan,2021,14446,0.728,4.3,11081,3.3
Busan,2023,12866,0.664,3.9,10303,3.1
Busan,2024,13100,0.68,4,11499,3.5
Daegu,1990,33261,-,14.5,18250,8
Daegu,1991,35236,-,15.1,18905,8.1
Daegu,1992,36525,-,15.4,19314,8.1
Daegu,1993,35933,1.556,15.6,19010,8.3
Daegu,1994,36370,1.557,15.6,18814,8.1
Daegu,1995,38779,1.574,15.7,20485,8.3
Daegu,1996,36954,1.497,14.9,21537,8.7
Daegu,1997,35219,1.444,14.2,19179,7.7
Daegu,1998,32231,1.336,12.9,18139,7.3
Daegu,1999,31308,1.313,12.5,17850,7.1
Daegu,2000,32477,1.378,12.9,16124,6.4
Daegu,2001,28111,1.216,11.1,14833,5.9
Daegu,2002,24260,1.076,9.6,13741,5.4
Daegu,2003,24513,1.116,9.7,14028,5.5
Daegu,2004,23259,1.087,9.2,13792,5.5
Daegu,2005,20804,1.001,8.3,13152,5.2
Daegu,2006,20360,1.011,8.1,13892,5.5
Daegu,2007,22295,1.137,8.9,14655,5.9
Daegu,2008,20562,1.072,8.2,13743,5.5
Daegu,2009,19399,1.029,7.8,12844,5.2
Daegu,2010,20557,1.109,8.3,13479,5.4
Daegu,2012,21472,1.217,8.6,13642,5.5
Daegu,2013,19340,1.127,7.8,13601,5.5
Daegu,2014,19361,1.169,7.8,12552,5.1
Daegu,2017,15946,1.067,6.5,11392,4.6
Daegu,2018,14400,0.987,5.9,10967,4.5
Daegu,2019,13233,0.932,5.4,9880,4.1
Daegu,2020,11193,0.807,4.6,8340,3.5
Daegu,2021,10661,0.785,4.5,7287,3.1
Daegu,2023,9410,0.702,4,8150,3.4
Daegu,2024,10100,0.75,4.3,9289,3.9
Incheon,1990,34749,-,18.3,18239,9.6
Incheon,1991,40772,-,20.6,19885,10
Incheon,1992,42840,-,20.7,20360,9.9
Incheon,1993,41731,1.815,19.9,19942,9.5
Incheon,1994,41680,1.776,19.2,19766,9.1
Incheon,1995,41246,1.714,17.8,21047,9.1
Incheon,1996,39285,1.618,16.6,23252,9.8
Incheon,1997,38103,1.578,15.8,20528,8.5
Incheon,1998,35541,1.477,14.4,19929,8.1
Incheon,1999,34323,1.449,13.7,18718,7.5
Incheon,2000,34433,1.473,13.6,17857,7.1
Incheon,2001,30494,1.324,11.9,17066,6.7
Incheon,2002,26775,1.185,10.4,16851,6.6
Incheon,2003,26832,1.213,10.4,15720,6.1
Incheon,2004,25092,1.158,9.7,15900,6.2
Incheon,2005,23026,1.075,8.9,16515,6.4
Incheon,2006,23711,1.116,9.1,17261,6.6
Incheon,2007,26712,1.257,10.1,18227,6.9
Incheon,2008,25365,1.186,9.5,18108,6.8
Incheon,2009,24379,1.143,9,16643,6.2
Incheon,2010,25752,1.214,9.5,17407,6.4
Incheon,2012,27781,1.301,9.9,18079,6.5
Incheon,2013,25560,1.195,9,18010,6.4
Incheon,2014,25786,1.212,9,17251,6
Incheon,2017,20445,1.007,7,15235,5.2
Incheon,2018,20087,1.006,6.9,14850,5.1
Incheon,2019,18522,0.94,6.3,13401,4.6
Incheon,2020,16040,0.829,5.5,11574,4
Incheon,2021,14947,0.778,5.1,10881,3.7
Incheon,2023,13659,0.694,4.6,11621,3.9
Incheon,2024,15200,0.76,5.1,13223,4.4
Gwangju,1990,17388,-,15.5,8921,7.9
Gwangju,1991,20063,-,17.4,9706,8.4
Gwangju,1992,21942,-,18.5,10581,8.9
Gwangju,1993,22062,1.809,17.8,10160,8.2
Gwangju,1994,22571,1.818,17.9,10345,8.2
Gwangju,1995,22907,1.83,17.9,10377,8.1
Gwangju,1996,21830,1.726,16.9,11822,9.1
Gwangju,1997,21684,1.697,16.5,10654,8.1
Gwangju,1998,20796,1.613,15.6,10319,7.7
Gwangju,1999,19244,1.486,14.3,10303,7.6
Gwangju,2000,21148,1.636,15.5,9557,7
Gwangju,2001,18198,1.421,13.2,8765,6.4
Gwangju,2002,16036,1.264,11.5,8230,5.9
Gwangju,2003,15954,1.278,11.4,7760,5.6
Gwangju,2004,14729,1.203,10.5,8012,5.7
Gwangju,2005,13327,1.105,9.5,7827,5.6
Gwangju,2006,13679,1.152,9.7,8487,6
Gwangju,2007,14810,1.262,10.5,8858,6.3
Gwangju,2008,13890,1.198,9.8,8472,6
Gwangju,2009,13101,1.137,9.2,8088,5.7
Gwangju,2010,13979,1.223,9.7,8566,6
Gwangju,2012,14392,1.295,9.9,8596,5.9
Gwangju,2013,12729,1.17,8.7,8820,6
Gwangju,2014,12729,1.199,8.7,8213,5.6
Gwangju,2017,10120,1.053,6.9,7141,4.9
Gwangju,2018,9105,0.972,6.3,6632,4.6
Gwangju,2019,8364,0.913,5.8,6297,4.3
Gwangju,2020,7318,0.811,5.1,5560,3.8
Gwangju,2021,7956,0.896,5.5,4901,3.4
Gwangju,2023,6172,0.706,4.3,5169,3.6
Gwangju,2024,6000,0.7,4.3,5688,4
Daejeon,1990,15822,-,15.3,8517,8.2
Daejeon,1991,18462,-,17,9316,8.6
Daejeon,1992,19737,-,17.4,10354,9.1
Daejeon,1993,20157,1.747,17.3,10493,9
Daejeon,1994,21397,1.763,17.7,10494,8.7
Daejeon,1995,21619,1.739,17.3,10748,8.6
Daejeon,1996,21039,1.657,16.4,11573,9
Daejeon,1997,20480,1.593,15.7,10545,8.1
Daejeon,1998,19294,1.492,14.5,10565,7.9
Daejeon,1999,18729,1.443,13.8,10311,7.6
Daejeon,2000,19570,1.501,14.2,9664,7
Daejeon,2001,17290,1.33,12.4,9505,6.8
Daejeon,2002,15631,1.207,11.1,9131,6.5
Daejeon,2003,15712,1.221,11,8973,6.3
Daejeon,2004,15024,1.181,10.4,8857,6.2
Daejeon,2005,13950,1.107,9.6,9035,6.2
Daejeon,2006,14489,1.158,9.9,9502,6.5
Daejeon,2007,15780,1.274,10.7,9684,6.6
Daejeon,2008,14856,1.215,10,9499,6.4
Daejeon,2009,13915,1.156,9.4,8885,6
Daejeon,2010,14314,1.205,9.6,9351,6.3
Daejeon,2012,15279,1.315,10.1,9745,6.5
Daejeon,2013,14099,1.234,9.3,9621,6.3
Daejeon,2014,13962,1.25,9.2,9118,6
Daejeon,2017,10851,1.075,7.2,7697,5.1
Daejeon,2018,9337,0.952,6.3,7377,5
Daejeon,2019,8410,0.883,5.7,6602,4.5
Daejeon,2020,7481,0.805,5.1,5976,4.1
Daejeon,2021,7414,0.81,5.1,5419,3.7
Daejeon,2023,7194,0.787,5,5212,3.6
Daejeon,2024,7300,0.79,5.1,7986,5.6
Ulsan,1990,-,-,-,-,-
Ulsan,1991,-,-,-,-,-
Ulsan,1992,-,-,-,-,-
Ulsan,1993,-,-,-,-,-
Ulsan,1994,-,-,-,-,-
Ulsan,1995,-,-,-,-,-
Ulsan,1996,-,-,-,-,-
Ulsan,1997,18273,1.794,18.3,8857,8.9
Ulsan,1998,16697,1.664,16.5,8433,8.3
Ulsan,1999,15740,1.605,15.4,7670,7.5
Ulsan,2000,15816,1.633,15.3,6890,6.7
Ulsan,2001,13600,1.423,13,6730,6.4
Ulsan,2002,11666,1.242,11,6512,6.1
Ulsan,2003,11720,1.28,11,6528,6.1
Ulsan,2004,11151,1.241,10.4,6647,6.2
Ulsan,2005,10469,1.186,9.7,6939,6.4
Ulsan,2006,10740,1.242,9.9,7493,6.9
Ulsan,2007,11955,1.403,10.9,7563,6.9
Ulsan,2008,11365,1.338,10.3,7837,7.1
Ulsan,2009,11033,1.308,9.9,7267,6.5
Ulsan,2010,11432,1.369,10.2,7660,6.9
Ulsan,2012,12160,1.481,10.7,7887,7
Ulsan,2013,11330,1.391,9.9,7998,7
Ulsan,2014,11556,1.437,10,7674,6.6
Ulsan,2017,9381,1.261,8.1,6331,5.4
Ulsan,2018,8149,1.131,7.1,5894,5.1
Ulsan,2019,7539,1.084,6.6,5442,4.7
Ulsan,2020,6617,0.984,5.8,4737,4.2
Ulsan,2021,6127,0.94,5.5,4077,3.6
Ulsan,2023,5082,0.814,4.6,4274,3.9
Ulsan,2024,5300,0.86,4.8,4726,4.3
Sejong,1990,-,-,-,-,-
Sejong,1991,-,-,-,-,-
Sejong,1992,-,-,-,-,-
Sejong,1993,-,-,-,-,-
Sejong,1994,-,-,-,-,-
Sejong,1995,-,-,-,-,-
Sejong,1996,-,-,-,-,-
Sejong,1997,-,-,-,-,-
Sejong,1998,-,-,-,-,-
Sejong,1999,-,-,-,-,-
Sejong,2000,-,-,-,-,-
Sejong,2001,-,-,-,-,-
Sejong,2002,-,-,-,-,-
Sejong,2003,-,-,-,-,-
Sejong,2004,-,-,-,-,-
Sejong,2005,-,-,-,-,-
Sejong,2006,-,-,-,-,-
Sejong,2007,-,-,-,-,-
Sejong,2008,-,-,-,-,-
Sejong,2009,-,-,-,-,-
Sejong,2010,-,-,-,-,-
Sejong,2012,1054,1.597,10.2,634,6.1
Sejong,2013,1111,1.435,9.5,743,6.4
Sejong,2014,1344,1.354,9.7,920,6.7
Sejong,2017,3504,1.668,13.4,1728,6.6
Sejong,2018,3703,1.566,12.5,2038,6.9
Sejong,2019,3819,1.472,11.7,2039,6.2
Sejong,2020,3468,1.277,10,1854,5.3
Sejong,2021,3570,1.277,9.8,1627,4.5
Sejong,2023,2761,0.971,7.2,1705,4.4
Sejong,2024,2900,1.03,7.5,1842,4.8
Gyeonggi-do,1990,115045,-,19.3,60681,10.2
Gyeonggi-do,1991,131016,-,20.8,64664,10.3
Gyeonggi-do,1992,136116,-,20.5,65710,9.9
Gyeonggi-do,1993,135225,1.861,19.9,65385,9.6
Gyeonggi-do,1994,138510,1.825,19.2,66354,9.2
Gyeonggi-do,1995,141710,1.812,18.7,71557,9.5
Gyeonggi-do,1996,142235,1.725,17.8,83572,10.5
Gyeonggi-do,1997,143002,1.689,17.2,76966,9.3
Gyeonggi-do,1998,137066,1.602,16,74603,8.7
Gyeonggi-do,1999,134335,1.565,15.3,72081,8.2
Gyeonggi-do,2000,141704,1.628,15.6,69160,7.6
Gyeonggi-do,2001,126264,1.437,13.5,68516,7.3
Gyeonggi-do,2002,116854,1.305,12,68330,7
Gyeonggi-do,2003,120433,1.321,12,68255,6.8
Gyeonggi-do,2004,117812,1.28,11.4,70236,6.8
Gyeonggi-do,2005,109533,1.183,10.4,72431,6.8
Gyeonggi-do,2006,115111,1.239,10.7,77231,7.1
Gyeonggi-do,2007,126648,1.361,11.5,81248,7.4
Gyeonggi-do,2008,119397,1.285,10.7,78004,7
Gyeonggi-do,2009,113692,1.226,10,73403,6.5
Gyeonggi-do,2010,121753,1.309,10.5,78471,6.8
Gyeonggi-do,2012,124746,1.355,10.5,79449,6.7
Gyeonggi-do,2013,112129,1.226,9.3,77649,6.4
Gyeonggi-do,2014,112169,1.241,9.2,74306,6.1
Gyeonggi-do,2017,94088,1.069,7.4,66429,5.2
Gyeonggi-do,2018,88175,1.002,6.9,66877,5.2
Gyeonggi-do,2019,83198,0.943,6.4,62356,4.8
Gyeonggi-do,2020,77737,0.878,5.9,57814,4.4
Gyeonggi-do,2021,76139,0.853,5.7,54658,4.1
Gyeonggi-do,2023,68817,0.766,5.1,54221,4
Gyeonggi-do,2024,71300,0.79,5.2,62629,4.6
Gangwon,1990,19030,-,12.2,11762,7.5
Gangwon,1991,19525,-,12.6,12282,7.9
Gangwon,1992,19817,-,12.9,12426,8.1
Gangwon,1993,19519,1.518,12.6,11916,7.7
Gangwon,1994,19518,1.533,12.7,11548,7.5
Gangwon,1995,19524,1.548,12.8,11644,7.6
Gangwon,1996,19432,1.566,12.7,12703,8.3
Gangwon,1997,19821,1.597,12.9,11279,7.4
Gangwon,1998,19421,1.562,12.6,11470,7.4
Gangwon,1999,19143,1.546,12.3,11064,7.1
Gangwon,2000,19482,1.6,12.5,9898,6.4
Gangwon,2001,16873,1.413,10.9,9162,5.9
Gangwon,2002,15314,1.317,9.9,8378,5.4
Gangwon,2003,14349,1.279,9.4,8413,5.5
Gangwon,2004,13776,1.261,9,8235,5.4
Gangwon,2005,12657,1.188,8.3,8496,5.6
Gangwon,2006,12455,1.202,8.3,8731,5.8
Gangwon,2007,13690,1.356,9.1,8930,5.9
Gangwon,2008,12373,1.253,8.2,8517,5.7
Gangwon,2009,12112,1.248,8,8081,5.3
Gangwon,2010,12477,1.313,8.2,8365,5.5
Gangwon,2012,12426,1.374,8.2,8225,5.4
Gangwon,2013,10980,1.249,7.2,7946,5.2
Gangwon,2014,10662,1.248,7,7785,5.1
Gangwon,2017,8958,1.123,5.8,7295,4.7
Gangwon,2018,8351,1.067,5.4,6994,4.6
Gangwon,2019,8283,1.082,5.4,6762,4.4
Gangwon,2020,7835,1.036,5.1,5868,3.8
Gangwon,2021,7357,0.979,4.8,5622,3.7
Gangwon,2023,6688,0.893,4.4,5494,3.6
Gangwon,2024,6600,0.89,4.3,6143,4
Chungcheongbuk-do,1990,17510,-,12.7,12114,8.8
Chungcheongbuk-do,1991,19081,-,13.8,12495,9
Chungcheongbuk-do,1992,20411,-,14.7,13045,9.4
Chungcheongbuk-do,1993,20786,1.715,14.7,12523,8.9
Chungcheongbuk-do,1994,20674,1.667,14.5,11540,8.1
Chungcheongbuk-do,1995,20974,1.675,14.6,11861,8.3
Chungcheongbuk-do,1996,20962,1.668,14.5,12592,8.7
Chungcheongbuk-do,1997,21103,1.672,14.4,11674,8
Chungcheongbuk-do,1998,20151,1.596,13.6,11172,7.6
Chungcheongbuk-do,1999,19434,1.549,13.1,10696,7.2
Chungcheongbuk-do,2000,19628,1.583,13.1,9586,6.4
Chungcheongbuk-do,2001,17322,1.426,11.6,9325,6.2
Chungcheongbuk-do,2002,15329,1.294,10.3,8684,5.8
Chungcheongbuk-do,2003,14650,1.27,9.8,8423,5.6
Chungcheongbuk-do,2004,14331,1.272,9.6,8534,5.7
Chungcheongbuk-do,2005,13164,1.195,8.8,8390,5.6
Chungcheongbuk-do,2006,13366,1.233,9,9291,6.2
Chungcheongbuk-do,2007,15002,1.398,10,9834,6.6
Chungcheongbuk-do,2008,14064,1.319,9.3,9512,6.3
Chungcheongbuk-do,2009,13903,1.317,9.1,8666,5.7
Chungcheongbuk-do,2010,14670,1.402,9.6,9171,6
Chungcheongbuk-do,2012,15139,1.485,9.8,9275,6
Chungcheongbuk-do,2013,13658,1.365,8.8,9307,6
Chungcheongbuk-do,2014,13366,1.363,8.5,8774,5.6
Chungcheongbuk-do,2017,11394,1.235,7.2,7990,5
Chungcheongbuk-do,2018,10586,1.172,6.7,7827,4.9
Chungcheongbuk-do,2019,9333,1.05,5.9,7239,4.6
Chungcheongbuk-do,2020,8607,0.983,5.4,6682,4.2
Chungcheongbuk-do,2021,8190,0.949,5.1,5882,3.7
Chungcheongbuk-do,2023,7580,0.886,4.8,6212,3.9
Chungcheongbuk-do,2024,7500,0.88,4.7,6784,4.3
Chungcheongnam-do,1990,21093,-,10.6,15814,7.9
Chungcheongnam-do,1991,21932,-,11.3,16137,8.3
Chungcheongnam-do,1992,22560,-,11.8,15757,8.3
Chungcheongnam-do,1993,22367,1.602,12,14561,7.8
Chungcheongnam-do,1994,22345,1.601,12.1,13558,7.3
Chungcheongnam-do,1995,23001,1.642,12.5,13480,7.3
Chungcheongnam-do,1996,23397,1.655,12.6,15031,8.1
Chungcheongnam-do,1997,24551,1.695,13,13911,7.4
Chungcheongnam-do,1998,24472,1.666,12.8,14046,7.4
Chungcheongnam-do,1999,24045,1.635,12.5,13375,7
Chungcheongnam-do,2000,24733,1.698,12.9,12097,6.3
Chungcheongnam-do,2001,21962,1.532,11.4,11113,5.8
Chungcheongnam-do,2002,19059,1.361,10,10421,5.4
Chungcheongnam-do,2003,18627,1.358,9.8,10551,5.5
Chungcheongnam-do,2004,18640,1.357,9.6,11418,5.9
Chungcheongnam-do,2005,17521,1.267,8.9,12107,6.2
Chungcheongnam-do,2006,18625,1.356,9.5,13373,6.8
Chungcheongnam-do,2007,20630,1.506,10.4,13766,6.9
Chungcheongnam-do,2008,19749,1.444,9.8,13354,6.7
Chungcheongnam-do,2009,19257,1.408,9.5,12708,6.3
Chungcheongnam-do,2010,20242,1.479,9.9,13185,6.4
Chungcheongnam-do,2012,20448,1.571,10.2,12849,6.4
Chungcheongnam-do,2013,18628,1.442,9.2,12482,6.2
Chungcheongnam-do,2014,18200,1.421,8.9,12040,5.9
Chungcheongnam-do,2017,15670,1.276,7.5,10961,5.2
Chungcheongnam-do,2018,14380,1.186,6.8,10970,5.2
Chungcheongnam-do,2019,13228,1.112,6.3,9826,4.7
Chungcheongnam-do,2020,11950,1.029,5.7,8493,4
Chungcheongnam-do,2021,10984,0.963,5.2,8016,3.8
Chungcheongnam-do,2023,9436,0.842,4.5,8264,3.9
Chungcheongnam-do,2024,9900,0.88,4.6,9176,4.3
Jeonbuk,1990,23753,-,11.6,17197,8.4
Jeonbuk,1991,24563,-,12.1,17577,8.7
Jeonbuk,1992,25890,-,13,17611,8.8
Jeonbuk,1993,25737,1.607,12.7,16250,8
Jeonbuk,1994,26701,1.664,13.3,15543,7.7
Jeonbuk,1995,27183,1.694,13.6,15774,7.9
Jeonbuk,1996,26798,1.672,13.4,16376,8.2
Jeonbuk,1997,26270,1.639,13.1,14357,7.2
Jeonbuk,1998,25849,1.612,12.9,13306,6.6
Jeonbuk,1999,24564,1.534,12.2,13183,6.6
Jeonbuk,2000,25173,1.595,12.6,11362,5.7
Jeonbuk,2001,22192,1.426,11.1,10281,5.1
Jeonbuk,2002,19215,1.275,9.7,10687,5.4
Jeonbuk,2003,18437,1.274,9.4,10246,5.2
Jeonbuk,2004,17257,1.239,8.9,10111,5.2
Jeonbuk,2005,15745,1.184,8.3,10196,5.4
Jeonbuk,2006,15571,1.213,8.3,10429,5.6
Jeonbuk,2007,17228,1.38,9.2,10864,5.8
Jeonbuk,2008,15878,1.305,8.5,10399,5.6
Jeonbuk,2009,15233,1.279,8.2,9605,5.2
Jeonbuk,2010,16100,1.374,8.7,10525,5.7
Jeonbuk,2012,16238,1.44,8.7,10022,5.4
Jeonbuk,2013,14555,1.32,7.8,9823,5.3
Jeonbuk,2014,14231,1.329,7.7,9211,5
Jeonbuk,2017,11348,1.151,6.1,7817,4.2
Jeonbuk,2018,10001,1.044,5.5,7219,3.9
Jeonbuk,2019,8971,0.971,4.9,7005,3.9
Jeonbuk,2020,8165,0.909,4.5,6053,3.4
Jeonbuk,2021,7475,0.85,4.2,5325,3
Jeonbuk,2023,6622,0.78,3.8,5483,3.1
Jeonbuk,2024,6800,0.81,3.9,6388,3.7
Jeollanam-do,1990,26976,-,10.9,23091,9.3
Jeollanam-do,1991,28132,-,11.7,23435,9.8
Jeollanam-do,1992,28373,-,12.3,22179,9.6
Jeollanam-do,1993,26912,1.642,11.9,19285,8.5
Jeollanam-do,1994,27313,1.7,12.3,17608,7.9
Jeollanam-do,1995,28168,1.78,12.9,16789,7.7
Jeollanam-do,1996,27651,1.766,12.7,17889,8.2
Jeollanam-do,1997,28080,1.808,12.9,14795,6.8
Jeollanam-do,1998,26841,1.736,12.4,14291,6.6
Jeollanam-do,1999,26363,1.725,12.2,14024,6.5
Jeollanam-do,2000,26046,1.75,12.2,12069,5.6
Jeollanam-do,2001,22588,1.566,10.7,10772,5.1
Jeollanam-do,2002,19242,1.391,9.3,10039,4.8
Jeollanam-do,2003,18333,1.389,9,9858,4.8
Jeollanam-do,2004,17256,1.36,8.6,9675,4.8
Jeollanam-do,2005,15818,1.29,8,9984,5.1
Jeollanam-do,2006,15905,1.337,8.1,10507,5.4
Jeollanam-do,2007,17844,1.542,9.2,10854,5.6
Jeollanam-do,2008,16363,1.449,8.5,10480,5.4
Jeollanam-do,2009,15995,1.445,8.3,10051,5.2
Jeollanam-do,2010,16654,1.537,8.7,10461,5.5
Jeollanam-do,2012,16990,1.642,9,9827,5.2
Jeollanam-do,2013,15401,1.518,8.1,9995,5.3
Jeollanam-do,2014,14817,1.497,7.8,9357,4.9
Jeollanam-do,2017,12354,1.325,6.5,8049,4.3
Jeollanam-do,2018,11238,1.24,6,7587,4
Jeollanam-do,2019,10832,1.234,5.8,7413,4
Jeollanam-do,2020,9738,1.145,5.3,6365,3.4
Jeollanam-do,2021,8430,1.017,4.6,6201,3.4
Jeollanam-do,2023,7828,0.972,4.3,6157,3.4
Jeollanam-do,2024,8200,1.03,4.6,7049,3.9
Gyeongsangbuk-do,1990,36351,-,13.3,26887,9.8
Gyeongsangbuk-do,1991,38276,-,14,27707,10.1
Gyeongsangbuk-do,1992,39492,-,14.5,26647,9.8
Gyeongsangbuk-do,1993,38698,1.613,13.5,25243,8.8
Gyeongsangbuk-do,1994,38893,1.611,13.5,23358,8.1
Gyeongsangbuk-do,1995,37158,1.624,13.4,22030,8
Gyeongsangbuk-do,1996,36627,1.596,13.2,23373,8.4
Gyeongsangbuk-do,1997,37117,1.61,13.3,21247,7.6
Gyeongsangbuk-do,1998,34914,1.52,12.4,20174,7.2
Gyeongsangbuk-do,1999,34843,1.533,12.4,19051,6.8
Gyeongsangbuk-do,2000,35190,1.578,12.6,17061,6.1
Gyeongsangbuk-do,2001,30500,1.402,10.9,15884,5.7
Gyeongsangbuk-do,2002,26022,1.232,9.4,14600,5.3
Gyeongsangbuk-do,2003,25447,1.253,9.3,14240,5.2
Gyeongsangbuk-do,2004,23553,1.203,8.7,14000,5.2
Gyeongsangbuk-do,2005,22339,1.173,8.3,14639,5.4
Gyeongsangbuk-do,2006,22567,1.208,8.4,16178,6
Gyeongsangbuk-do,2007,25062,1.369,9.3,16623,6.2
Gyeongsangbuk-do,2008,23538,1.313,8.8,15634,5.8
Gyeongsangbuk-do,2009,22373,1.274,8.4,14499,5.4
Gyeongsangbuk-do,2010,23700,1.377,8.9,15592,5.8
Gyeongsangbuk-do,2012,24635,1.489,9.2,15383,5.7
Gyeongsangbuk-do,2013,22206,1.379,8.3,15421,5.8
Gyeongsangbuk-do,2014,22062,1.408,8.2,14183,5.3
Gyeongsangbuk-do,2017,17957,1.256,6.7,12190,4.6
Gyeongsangbuk-do,2018,16079,1.167,6,11687,4.4
Gyeongsangbuk-do,2019,14472,1.089,5.5,10637,4
Gyeongsangbuk-do,2020,12873,1.003,4.9,9046,3.4
Gyeongsangbuk-do,2021,12045,0.966,4.6,8163,3.1
Gyeongsangbuk-do,2023,10186,0.86,4,8128,3.2
Gyeongsangbuk-do,2024,10300,0.9,4.1,9067,3.6
Gyeongsangnam-do,1990,57169,-,16,34752,9.7
Gyeongsangnam-do,1991,64070,-,17.6,35531,9.8
Gyeongsangnam-do,1992,66058,-,17.9,36453,9.9
Gyeongsangnam-do,1993,65629,1.79,16.9,34174,8.8
Gyeongsangnam-do,1994,66229,1.771,16.8,33415,8.5
Gyeongsangnam-do,1995,65153,1.76,16.6,33786,8.6
Gyeongsangnam-do,1996,64118,1.717,16.1,37057,9.3
Gyeongsangnam-do,1997,44138,1.624,14.6,23916,7.9
Gyeongsangnam-do,1998,42427,1.568,13.9,23384,7.6
Gyeongsangnam-do,1999,41184,1.543,13.4,22180,7.2
Gyeongsangnam-do,2000,41680,1.586,13.5,19900,6.4
Gyeongsangnam-do,2001,36475,1.417,11.8,18849,6.1
Gyeongsangnam-do,2002,32203,1.272,10.3,17905,5.7
Gyeongsangnam-do,2003,32102,1.29,10.3,17558,5.6
Gyeongsangnam-do,2004,30922,1.266,9.8,18375,5.8
Gyeongsangnam-do,2005,28471,1.189,9,18664,5.9
Gyeongsangnam-do,2006,29524,1.254,9.3,20789,6.6
Gyeongsangnam-do,2007,33313,1.434,10.5,21555,6.8
Gyeongsangnam-do,2008,31493,1.368,9.8,20497,6.4
Gyeongsangnam-do,2009,30320,1.323,9.4,19494,6
Gyeongsangnam-do,2010,32203,1.413,9.9,21170,6.5
Gyeongsangnam-do,2012,33211,1.503,10.1,20140,6.1
Gyeongsangnam-do,2013,29504,1.367,8.9,20291,6.1
Gyeongsangnam-do,2014,29763,1.409,9,19056,5.7
Gyeongsangnam-do,2017,23849,1.227,7.1,15978,4.8
Gyeongsangnam-do,2018,21224,1.122,6.3,14996,4.5
Gyeongsangnam-do,2019,19250,1.046,5.7,13613,4.1
Gyeongsangnam-do,2020,16823,0.945,5,11900,3.6
Gyeongsangnam-do,2021,15562,0.903,4.7,10531,3.2
Gyeongsangnam-do,2023,13049,0.799,4,10232,3.1
Gyeongsangnam-do,2024,13100,0.82,4,11429,3.5
Jeju,1990,6739,-,13.2,3955,7.8
Jeju,1991,8053,-,15.8,4356,8.5
Jeju,1992,8524,-,16.7,4707,9.2
Jeju,1993,8655,1.847,17,4678,9.2
Jeju,1994,8850,1.867,17.3,4606,9
Jeju,1995,8747,1.828,16.9,4471,8.7
Jeju,1996,8619,1.782,16.5,4939,9.5
Jeju,1997,8545,1.761,16.3,4347,8.3
Jeju,1998,8090,1.661,15.2,4259,8
Jeju,1999,8056,1.646,15,4426,8.3
Jeju,2000,8633,1.783,16,4022,7.4
Jeju,2001,7453,1.564,13.7,3708,6.8
Jeju,2002,6530,1.394,11.9,3574,6.5
Jeju,2003,6583,1.438,11.9,3379,6.1
Jeju,2004,6097,1.365,11,3325,6
Jeju,2005,5734,1.31,10.3,3382,6.1
Jeju,2006,5853,1.372,10.5,3576,6.4
Jeju,2007,6178,1.489,11.1,3495,6.3
Jeju,2008,5593,1.386,10,3445,6.2
Jeju,2009,5433,1.378,9.7,3279,5.8
Jeju,2010,5657,1.463,10,3515,6.2
Jeju,2012,5992,1.598,10.4,3482,6.1
Jeju,2013,5328,1.427,9.1,3638,6.2
Jeju,2014,5526,1.481,9.3,3593,6
Jeju,2017,5037,1.305,7.8,3654,5.7
Jeju,2018,4781,1.22,7.3,3638,5.5
Jeju,2019,4500,1.145,6.8,3358,5.1
Jeju,2020,3989,1.021,6,2981,4.5
Jeju,2021,3728,0.951,5.6,2661,4
Jeju,2023,3222,0.827,4.8,2614,3.9
Jeju,2024,3200,0.83,4.7,2744,4.1
