"By the item of monthly income & expenditure of household",1990.1/4,1990.1/4,1990.1/4,1990.2/4,1990.2/4,1990.2/4,1990.3/4,1990.3/4,1990.3/4,1990.4/4,1990.4/4,1990.4/4,1991.1/4,1991.1/4,1991.1/4,1991.2/4,1991.2/4,1991.2/4,1991.3/4,1991.3/4,1991.3/4,1991.4/4,1991.4/4,1991.4/4,1992.1/4,1992.1/4,1992.1/4,1992.2/4,1992.2/4,1992.2/4,1992.3/4,1992.3/4,1992.3/4,1992.4/4,1992.4/4,1992.4/4,1993.1/4,1993.1/4,1993.1/4,1993.2/4,1993.2/4,1993.2/4,1993.3/4,1993.3/4,1993.3/4,1993.4/4,1993.4/4,1993.4/4,1994.1/4,1994.1/4,1994.1/4,1994.2/4,1994.2/4,1994.2/4,1994.3/4,1994.3/4,1994.3/4,1994.4/4,1994.4/4,1994.4/4,1995.1/4,1995.1/4,1995.1/4,1995.2/4,1995.2/4,1995.2/4,1995.3/4,1995.3/4,1995.3/4,1995.4/4,1995.4/4,1995.4/4,1996.1/4,1996.1/4,1996.1/4,1996.2/4,1996.2/4,1996.2/4,1996.3/4,1996.3/4,1996.3/4,1996.4/4,1996.4/4,1996.4/4,1997.1/4,1997.1/4,1997.1/4,1997.2/4,1997.2/4,1997.2/4,1997.3/4,1997.3/4,1997.3/4,1997.4/4,1997.4/4,1997.4/4,1998.1/4,1998.1/4,1998.1/4,1998.2/4,1998.2/4,1998.2/4,1998.3/4,1998.3/4,1998.3/4,1998.4/4,1998.4/4,1998.4/4,1999.1/4,1999.1/4,1999.1/4,1999.2/4,1999.2/4,1999.2/4,1999.3/4,1999.3/4,1999.3/4,1999.4/4,1999.4/4,1999.4/4,2000.1/4,2000.1/4,2000.1/4,2000.2/4,2000.2/4,2000.2/4,2000.3/4,2000.3/4,2000.3/4,2000.4/4,2000.4/4,2000.4/4,2001.1/4,2001.1/4,2001.1/4,2001.2/4,2001.2/4,2001.2/4,2001.3/4,2001.3/4,2001.3/4,2001.4/4,2001.4/4,2001.4/4,2002.1/4,2002.1/4,2002.1/4,2002.2/4,2002.2/4,2002.2/4,2002.3/4,2002.3/4,2002.3/4,2002.4/4,2002.4/4,2002.4/4,2003.1/4,2003.1/4,2003.1/4,2003.2/4,2003.2/4,2003.2/4,2003.3/4,2003.3/4,2003.3/4,2003.4/4,2003.4/4,2003.4/4,2004.1/4,2004.1/4,2004.1/4,2004.2/4,2004.2/4,2004.2/4,2004.3/4,2004.3/4,2004.3/4,2004.4/4,2004.4/4,2004.4/4,2005.1/4,2005.1/4,2005.1/4,2005.2/4,2005.2/4,2005.2/4,2005.3/4,2005.3/4,2005.3/4,2005.4/4,2005.4/4,2005.4/4,2006.1/4,2006.1/4,2006.1/4,2006.2/4,2006.2/4,2006.2/4,2006.3/4,2006.3/4,2006.3/4,2006.4/4,2006.4/4,2006.4/4,2007.1/4,2007.1/4,2007.1/4,2007.2/4,2007.2/4,2007.2/4,2007.3/4,2007.3/4,2007.3/4,2007.4/4,2007.4/4,2007.4/4,2008.1/4,2008.1/4,2008.1/4,2008.2/4,2008.2/4,2008.2/4,2008.3/4,2008.3/4,2008.3/4,2008.4/4,2008.4/4,2008.4/4,2009.1/4,2009.1/4,2009.1/4,2009.2/4,2009.2/4,2009.2/4,2009.3/4,2009.3/4,2009.3/4,2009.4/4,2009.4/4,2009.4/4,2010.1/4,2010.1/4,2010.1/4,2010.2/4,2010.2/4,2010.2/4,2010.3/4,2010.3/4,2010.3/4,2010.4/4,2010.4/4,2010.4/4,2011.1/4,2011.1/4,2011.1/4,2011.2/4,2011.2/4,2011.2/4,2011.3/4,2011.3/4,2011.3/4,2011.4/4,2011.4/4,2011.4/4,2012.1/4,2012.1/4,2012.1/4,2012.2/4,2012.2/4,2012.2/4,2012.3/4,2012.3/4,2012.3/4,2012.4/4,2012.4/4,2012.4/4,2013.1/4,2013.1/4,2013.1/4,2013.2/4,2013.2/4,2013.2/4,2013.3/4,2013.3/4,2013.3/4,2013.4/4,2013.4/4,2013.4/4,2014.1/4,2014.1/4,2014.1/4,2014.2/4,2014.2/4,2014.2/4,2014.3/4,2014.3/4,2014.3/4,2014.4/4,2014.4/4,2014.4/4,2015.1/4,2015.1/4,2015.1/4,2015.2/4,2015.2/4,2015.2/4,2015.3/4,2015.3/4,2015.3/4,2015.4/4,2015.4/4,2015.4/4,2016.1/4,2016.1/4,2016.1/4,2016.2/4,2016.2/4,2016.2/4,2016.3/4,2016.3/4,2016.3/4,2016.4/4,2016.4/4,2016.4/4,2017.1/4,2017.1/4,2017.1/4,2017.2/4,2017.2/4,2017.2/4,2017.3/4,2017.3/4,2017.3/4,2017.4/4,2017.4/4,2017.4/4,2018.1/4,2018.1/4,2018.1/4,2018.2/4,2018.2/4,2018.2/4,2018.3/4,2018.3/4,2018.3/4,2018.4/4,2018.4/4,2018.4/4,2019.1/4,2019.1/4,2019.1/4,2019.2/4,2019.2/4,2019.2/4,2019.3/4,2019.3/4,2019.3/4,2019.4/4,2019.4/4,2019.4/4
"By the item of monthly income & expenditure of household",All households,Salary & wage earners' households,Other households,All households,Salary & wage earners' households,Other households,All households,Salary & wage earners' households,Other households,All households,Salary & wage earners' households,Other households,All households,Salary & wage earners' households,Other households,All households,Salary & wage earners' households,Other households,All households,Salary & wage earners' households,Other households,All households,Salary & wage earners' households,Other households,All households,Salary & wage earners' households,Other households,All households,Salary & wage earners' households,Other households,All households,Salary & wage earners' households,Other households,All households,Salary & wage earners' households,Other households,All households,Salary & wage earners' households,Other households,All households,Salary & wage earners' households,Other households,All households,Salary & wage earners' households,Other households,All households,Salary & wage earners' households,Other households,All households,Salary & wage earners' households,Other households,All households,Salary & wage earners' households,Other households,All households,Salary & wage earners' households,Other households,All households,Salary & wage earners' households,Other households,All households,Salary & wage earners' households,Other households,All households,Salary & wage earners' households,Other households,All households,Salary & wage earners' households,Other households,All households,Salary & wage earners' households,Other households,All households,Salary & wage earners' households,Other households,All households,Salary & wage earners' households,Other households,All households,Salary & wage earners' households,Other households,All households,Salary & wage earners' households,Other households,All households,Salary & wage earners' households,Other households,All households,Salary & wage earners' households,Other households,All households,Salary & wage earners' households,Other households,All households,Salary & wage earners' households,Other households,All households,Salary & wage earners' households,Other households,All households,Salary & wage earners' households,Other households,All households,Salary & wage earners' households,Other households,All households,Salary & wage earners' households,Other households,All households,Salary & wage earners' households,Other households,All households,Salary & wage earners' households,Other households,All households,Salary & wage earners' households,Other households,All households,Salary & wage earners' households,Other households,All households,Salary & wage earners' households,Other households,All households,Salary & wage earners' households,Other households,All households,Salary & wage earners' households,Other households,All households,Salary & wage earners' households,Other households,All households,Salary & wage earners' households,Other households,All households,Salary & wage earners' households,Other households,All households,Salary & wage earners' households,Other households,All households,Salary & wage earners' households,Other households,All households,Salary & wage earners' households,Other households,All households,Salary & wage earners' households,Other households,All households,Salary & wage earners' households,Other households,All households,Salary & wage earners' households,Other households,All households,Salary & wage earners' households,Other households,All households,Salary & wage earners' households,Other households,All households,Salary & wage earners' households,Other households,All households,Salary & wage earners' households,Other households,All households,Salary & wage earners' households,Other households,All households,Salary & wage earners' households,Other households,All households,Salary & wage earners' households,Other households,All households,Salary & wage earners' households,Other households,All households,Salary & wage earners' households,Other households,All households,Salary & wage earners' households,Other households,All households,Salary & wage earners' households,Other households,All households,Salary & wage earners' households,Other households,All households,Salary & wage earners' households,Other households,All households,Salary & wage earners' households,Other households,All households,Salary & wage earners' households,Other households,All households,Salary & wage earners' households,Other households,All households,Salary & wage earners' households,Other households,All households,Salary & wage earners' households,Other households,All households,Salary & wage earners' households,Other households,All households,Salary & wage earners' households,Other households,All households,Salary & wage earners' households,Other households,All households,Salary & wage earners' households,Other households,All households,Salary & wage earners' households,Other households,All households,Salary & wage earners' households,Other households,All households,Salary & wage earners' households,Other households,All households,Salary & wage earners' households,Other households,All households,Salary & wage earners' households,Other households,All households,Salary & wage earners' households,Other households,All households,Salary & wage earners' households,Other households,All households,Salary & wage earners' households,Other households,All households,Salary & wage earners' households,Other households,All households,Salary & wage earners' households,Other households,All households,Salary & wage earners' households,Other households,All households,Salary & wage earners' households,Other households,All households,Salary & wage earners' households,Other households,All households,Salary & wage earners' households,Other households,All households,Salary & wage earners' households,Other households,All households,Salary & wage earners' households,Other households,All households,Salary & wage earners' households,Other households,All households,Salary & wage earners' households,Other households,All households,Salary & wage earners' households,Other households,All households,Salary & wage earners' households,Other households,All households,Salary & wage earners' households,Other households,All households,Salary & wage earners' households,Other households,All households,Salary & wage earners' households,Other households,All households,Salary & wage earners' households,Other households,All households,Salary & wage earners' households,Other households,All households,Salary & wage earners' households,Other households,All households,Salary & wage earners' households,Other households,All households,Salary & wage earners' households,Other households,All households,Salary & wage earners' households,Other households,All households,Salary & wage earners' households,Other households,All households,Salary & wage earners' households,Other households,All households,Salary & wage earners' households,Other households,All households,Salary & wage earners' households,Other households,All households,Salary & wage earners' households,Other households,All households,Salary & wage earners' households,Other households,All households,Salary & wage earners' households,Other households,All households,Salary & wage earners' households,Other households,All households,Salary & wage earners' households,Other households,All households,Salary & wage earners' households,Other households,All households,Salary & wage earners' households,Other households,All households,Salary & wage earners' households,Other households,All households,Salary & wage earners' households,Other households,All households,Salary & wage earners' households,Other households,All households,Salary & wage earners' households,Other households,All households,Salary & wage earners' households,Other households,All households,Salary & wage earners' households,Other households
"The number of hosehold members (Person)",4.00,3.97,4.05,3.98,3.97,4.02,4.01,3.98,4.06,3.99,3.96,4.05,3.99,3.98,4.02,3.97,3.97,3.97,3.97,3.95,3.99,3.95,3.92,4.00,3.95,3.93,3.97,3.91,3.88,3.96,3.91,3.89,3.95,3.93,3.92,3.96,3.95,3.94,3.97,3.83,3.79,3.90,3.79,3.76,3.85,3.79,3.77,3.84,3.79,3.77,3.83,3.76,3.72,3.83,3.74,3.70,3.82,3.75,3.72,3.79,3.73,3.70,3.80,3.73,3.70,3.79,3.73,3.71,3.76,3.73,3.71,3.75,3.71,3.68,3.74,3.68,3.65,3.73,3.65,3.63,3.69,3.64,3.63,3.68,3.65,3.64,3.67,3.64,3.62,3.66,3.64,3.64,3.65,3.64,3.62,3.65,3.64,3.64,3.64,3.62,3.63,3.60,3.62,3.63,3.59,3.60,3.61,3.58,3.59,3.59,3.60,3.59,3.61,3.57,3.58,3.59,3.57,3.58,3.57,3.59,3.57,3.58,3.54,3.53,3.54,3.52,3.52,3.52,3.52,3.51,3.54,3.48,3.50,3.52,3.47,3.49,3.51,3.45,3.49,3.51,3.46,3.48,3.52,3.42,3.45,3.49,3.39,3.42,3.46,3.37,3.43,3.46,3.39,3.42,3.46,3.35,3.49,3.53,3.42,3.48,3.52,3.41,3.46,3.51,3.40,3.47,3.51,3.40,3.44,3.49,3.37,3.43,3.46,3.38,3.41,3.45,3.35,3.41,3.45,3.36,3.40,3.44,3.34,3.39,3.44,3.32,3.36,3.41,3.29,3.36,3.41,3.27,3.38,3.44,3.29,3.32,3.38,3.23,3.31,3.38,3.21,3.31,3.38,3.20,3.29,3.37,3.17,3.29,3.36,3.19,3.30,3.38,3.18,3.29,3.38,3.17,3.34,3.44,3.20,3.35,3.44,3.21,3.34,3.44,3.20,3.36,3.45,3.22,3.31,3.41,3.16,3.32,3.41,3.18,3.32,3.41,3.17,3.33,3.42,3.19,3.29,3.41,3.12,3.30,3.39,3.16,3.29,3.38,3.14,3.30,3.42,3.13,3.27,3.38,3.11,3.28,3.36,3.15,3.27,3.34,3.15,3.28,3.37,3.14,3.26,3.37,3.10,3.27,3.37,3.11,3.26,3.37,3.09,3.27,3.39,3.08,3.22,3.35,3.01,3.24,3.35,3.06,3.24,3.36,3.04,3.25,3.36,3.05,3.19,3.32,2.98,3.20,3.30,3.01,3.19,3.29,3.02,3.20,3.31,3.02,3.15,3.28,2.94,3.16,3.26,2.98,3.15,3.25,2.97,3.16,3.25,2.98,3.12,3.23,2.93,3.12,3.24,2.92,3.12,3.23,2.93,3.12,3.23,2.92,3.08,3.21,2.88,3.09,3.18,2.93,3.08,3.16,2.94,3.09,3.17,2.95,3.08,3.21,2.89,3.08,3.20,2.91,3.08,3.18,2.93,3.09,3.20,2.92,3.06,3.18,2.88,3.07,3.18,2.90,3.06,3.18,2.88,3.07,3.19,2.89
"Age of household's head (Age)",38.67,37.11,41.85,38.66,37.23,41.65,38.74,37.30,41.75,38.94,37.55,41.85,39.11,37.71,42.02,39.40,38.09,41.99,39.54,38.15,42.23,39.63,38.36,42.11,39.66,38.27,42.39,39.64,38.30,42.32,39.79,38.44,42.43,40.18,38.82,42.76,40.47,39.04,43.13,39.52,38.09,42.22,39.70,38.29,42.29,40.00,38.60,42.56,40.21,38.79,42.72,40.31,38.86,42.93,40.40,38.88,43.17,40.75,39.20,43.57,40.84,39.04,43.98,41.07,39.44,43.94,41.27,39.61,44.10,41.48,39.88,44.15,41.71,40.04,44.46,41.80,40.11,44.68,41.95,40.18,44.95,41.95,40.03,45.18,42.11,39.95,45.60,42.36,40.41,45.58,42.51,40.60,45.55,42.70,40.77,45.77,41.80,39.81,44.65,41.95,40.02,44.72,42.12,40.17,44.76,42.42,40.47,45.09,42.64,40.31,45.61,42.86,40.50,46.01,43.07,40.69,46.19,43.31,40.89,46.61,43.44,40.98,46.72,43.67,41.06,47.15,43.83,41.15,47.40,44.02,41.28,47.66,44.21,41.44,47.81,44.29,41.58,47.95,44.47,41.74,48.07,44.52,41.66,48.30,44.66,41.60,48.68,44.75,41.57,48.97,44.99,41.88,49.08,45.21,42.03,49.36,44.53,41.85,48.34,44.49,41.94,48.29,44.64,42.29,48.01,44.73,42.26,48.42,45.14,42.70,48.70,45.21,42.78,48.87,45.38,42.88,48.98,45.87,43.23,49.76,45.87,43.19,49.63,46.02,43.50,49.77,46.25,43.40,50.38,46.38,43.65,50.35,46.42,43.70,50.36,46.55,43.77,50.77,46.72,43.75,51.10,46.98,44.00,51.34,47.23,43.97,51.77,47.21,43.97,51.95,47.30,44.06,52.16,47.56,44.16,52.58,47.54,43.97,52.73,47.39,44.20,52.19,47.51,44.22,52.48,47.53,44.13,52.76,47.95,44.28,53.41,47.95,44.44,53.15,47.97,44.79,52.73,47.98,44.92,52.74,48.05,44.57,53.08,48.12,45.07,52.90,48.45,45.33,53.39,48.45,45.11,53.53,48.52,44.89,53.94,48.76,45.58,53.72,48.73,45.50,53.86,48.91,45.69,54.14,49.04,45.49,54.68,49.12,46.09,54.14,49.19,46.24,54.17,49.19,46.01,54.50,49.47,46.16,54.79,49.54,46.40,54.88,49.54,46.38,55.10,49.65,46.36,55.41,49.86,46.23,55.83,49.58,46.33,55.33,49.70,46.30,55.74,49.84,46.45,55.96,50.08,46.13,56.87,50.31,46.99,56.28,50.29,47.07,56.00,50.50,47.25,56.36,50.83,47.10,56.99,51.17,47.86,56.99,51.12,47.85,56.74,51.16,47.92,56.64,51.34,47.58,57.55,51.57,48.55,56.90,51.75,48.70,57.02,51.85,48.82,56.99,52.43,48.27,58.46,52.59,48.79,58.30,52.79,49.13,58.24,52.99,49.17,58.71,53.20,49.16,59.02,53.17,49.51,58.75,53.21,49.52,58.83,53.34,49.67,59.03
"Distribution of households (%)",100.00,67.17,32.83,100.00,67.66,32.34,100.00,67.78,32.22,100.00,67.55,32.45,100.00,67.44,32.56,100.00,66.39,33.61,100.00,65.90,34.10,100.00,66.18,33.82,100.00,66.43,33.57,100.00,66.46,33.54,100.00,66.10,33.90,100.00,65.40,34.60,100.00,65.07,34.93,100.00,65.48,34.52,100.00,64.61,35.39,100.00,64.58,35.42,100.00,63.80,36.21,100.00,64.34,35.66,100.00,64.45,35.55,100.00,64.51,35.49,100.00,63.55,36.45,100.00,63.62,36.38,100.00,62.97,37.03,100.00,62.59,37.41,100.00,62.37,37.63,100.00,62.88,37.13,100.00,62.84,37.16,100.00,62.73,37.27,100.00,61.75,38.25,100.00,62.26,37.74,100.00,61.47,38.53,100.00,61.39,38.61,100.00,58.88,41.12,100.00,58.84,41.16,100.00,57.61,42.39,100.00,57.72,42.29,100.00,56.04,43.96,100.00,57.14,42.86,100.00,56.77,43.23,100.00,57.67,42.33,100.00,57.09,42.91,100.00,57.20,42.80,100.00,57.07,42.93,100.00,57.10,42.90,100.00,56.56,43.44,100.00,57.46,42.54,100.00,56.92,43.08,100.00,56.89,43.11,100.00,56.78,43.22,100.00,57.06,42.94,100.00,56.79,43.22,100.00,56.60,43.40,100.00,58.67,41.33,100.00,59.89,40.11,100.00,58.99,41.01,100.00,59.87,40.13,100.00,59.45,40.55,100.00,60.12,39.88,100.00,58.98,41.02,100.00,59.54,40.46,100.00,58.46,41.54,100.00,59.82,40.18,100.00,59.24,40.76,100.00,59.30,40.70,100.00,59.07,40.93,100.00,60.25,39.76,100.00,59.54,40.46,100.00,59.32,40.68,100.00,58.23,41.77,100.00,59.44,40.56,100.00,59.97,40.04,100.00,59.63,40.37,100.00,59.26,40.74,100.00,60.07,39.94,100.00,60.15,39.85,100.00,60.62,39.38,100.00,59.82,40.18,100.00,59.78,40.22,100.00,59.91,40.09,100.00,60.86,39.15,100.00,59.12,40.88,100.00,61.05,38.95,100.00,61.31,38.69,100.00,60.31,39.69,100.00,59.88,40.12,100.00,61.00,39.00,100.00,61.33,38.67,100.00,61.84,38.16,100.00,61.39,38.62,100.00,62.39,37.61,100.00,62.75,37.25,100.00,62.59,37.41,100.00,61.65,38.35,100.00,62.96,37.04,100.00,63.70,36.30,100.00,63.66,36.34,100.00,62.21,37.79,100.00,63.91,36.09,100.00,64.01,35.99,100.00,64.30,35.70,100.00,63.27,36.74,100.00,64.22,35.78,100.00,63.94,36.06,100.00,64.34,35.66,100.00,62.33,37.68,100.00,63.70,36.30,100.00,63.16,36.85,100.00,62.81,37.19,100.00,62.29,37.71,100.00,63.81,36.19,100.00,63.31,36.69,100.00,62.90,37.10,100.00,59.24,40.76,100.00,60.06,39.94,100.00,59.91,40.09,100.00,59.89,40.11,100.00,59.06,40.94,100.00,60.41,39.59,100.00,60.33,39.67,100.00,60.74,39.26
"Income (Won)",880499,890099,860860,893567,893907,892856,955067,978042,906743,1023397,1030701,1008189,1037358,1056632,997436,1102974,1116540,1076170,1209846,1235283,1160683,1241680,1254606,1216384,1281416,1303154,1238402,1294479,1300292,1282958,1373846,1413017,1297473,1401878,1436184,1337035,1399354,1441909,1320082,1373666,1393284,1336452,1485945,1522412,1419372,1520282,1538170,1487672,1575002,1610375,1512673,1595197,1615489,1558580,1699626,1746560,1614530,1763330,1797965,1700364,1800104,1855637,1703276,1784011,1790993,1771801,1927803,1974977,1847595,1972331,1987734,1946557,2048761,2103024,1958833,2020923,2039148,1990057,2154071,2257731,1978793,2158440,2210506,2070798,2227433,2295339,2117820,2170393,2212279,2101304,2281712,2397538,2096892,2163884,2213375,2085194,2050708,2252897,1761141,1937810,2115525,1683714,1893747,2098692,1615216,1989359,2155432,1762689,1990374,2256189,1651565,1947769,2133148,1700626,2037798,2280919,1718472,2150771,2337809,1895911,2162493,2366669,1890804,2190388,2358357,1965892,2251162,2461107,1972094,2279058,2454401,2045717,2345507,2605111,2007551,2325331,2520316,2061988,2506651,2761632,2169728,2527119,2771062,2205253,2591918,2837833,2268856,2551194,2778922,2248575,2638241,2902185,2291416,2586028,2855608,2234458,2663267,2893599,2336322,2637504,2846746,2325099,2760024,3028878,2373334,2786590,3013319,2448322,2846384,3117382,2449037,2789028,2986586,2491248,2941362,3248893,2499148,2896575,3154732,2516692,2989474,3321011,2522892,2903278,3127049,2570178,2993281,3308483,2535235,3006045,3302880,2573528,3129330,3471938,2634926,3031383,3323627,2588523,3099584,3456375,2574511,3219827,3588015,2682840,3302574,3758636,2666714,3148824,3483603,2658197,3341487,3746383,2735040,3339172,3731046,2760251,3531684,4046151,2783278,3392783,3795947,2786404,3575046,4023598,2897935,3463625,3867959,2841150,3524824,4009714,2803004,3326275,3704019,2764766,3484018,3900620,2861424,3565640,3912314,3026692,3775122,4211953,3143363,3583912,3888913,3105915,3703413,4042094,3166764,3649443,3992857,3127655,3913761,4387262,3207164,3761903,4091551,3246207,3946469,4335289,3329809,3936719,4276065,3386713,4178467,4682237,3377648,3993860,4313095,3464208,4187731,4583766,3520706,4137017,4517441,3500616,4237786,4784174,3359423,4076229,4447413,3445257,4302687,4737353,3539805,4209649,4616619,3496733,4442175,4974618,3565603,4186937,4549550,3544808,4422837,4837662,3685121,4287024,4697722,3547237,4549865,5080503,3635999,4304380,4665765,3655787,4439672,4882663,3654093,4334547,4717494,3643477,4590821,5172557,3628464,4342782,4748993,3629828,4464183,4948983,3633200,4335580,4795445,3558782,4665034,5317810,3586743,4380398,4733687,3757399,4581179,5067814,3741382,4472246,4891049,3762108,4854856,5670229,3669884,4619408,5167683,3795046,4843786,5495150,3870546,4685940,5274193,3807491,4917719,5660138,3846639,4802320,5374467,3929180,4983946,5690639,3909227,4880947,5494686,3931339
"Current income (Won)",844934,851654,831187,858842,854623,867668,923080,942342,882564,970420,975048,960785,998761,1012497,970309,1055022,1063139,1038985,1163611,1184638,1122973,1176368,1180488,1168306,1224160,1238614,1195561,1242718,1245130,1237937,1319104,1354279,1250521,1333288,1357468,1287584,1341354,1376875,1275185,1326964,1338487,1305107,1434569,1464762,1379450,1446600,1457379,1426950,1504177,1533420,1452648,1526538,1536102,1509281,1630676,1670501,1558472,1672039,1694142,1631857,1718976,1759797,1647799,1720838,1719971,1722354,1858852,1900948,1787277,1883339,1889571,1872912,1956062,2005978,1873337,1928217,1938392,1910985,2074417,2167905,1916340,2038763,2080351,1968758,2124486,2178326,2037577,2069369,2105053,2010510,2188565,2292298,2023043,2061994,2106678,1990948,1950128,2139391,1679072,1820138,1958982,1621619,1829112,2012959,1579254,1880882,2026075,1682712,1870366,2088191,1592725,1847888,2026696,1609506,1980475,2219315,1666771,2010595,2185064,1772863,2036142,2214631,1798635,2055757,2200955,1861693,2131448,2328954,1868914,2168082,2326363,1957446,2215084,2452450,1906077,2212813,2383937,1981696,2361595,2589205,2060838,2393482,2620741,2093630,2442707,2673908,2138973,2432455,2650103,2143231,2515319,2779526,2168147,2477154,2744709,2128225,2556237,2776141,2244092,2545666,2741922,2252650,2674868,2942008,2290643,2687134,2911619,2352214,2712684,2969963,2335454,2708831,2911605,2403188,2831269,3127964,2404638,2794447,3049048,2419798,2844926,3152568,2411974,2797982,3043972,2431808,2902271,3214938,2447910,2881373,3182848,2442095,2948174,3273111,2479271,2918022,3203500,2485416,3011268,3368735,2485201,3065640,3436220,2525165,3139141,3583307,2519867,3044820,3385537,2545491,3224451,3631635,2614576,3186730,3575899,2611805,3373074,3864999,2657462,3271310,3663001,2682189,3455180,3909414,2769489,3337282,3727621,2736353,3331658,3783855,2658503,3214688,3579720,2672076,3378928,3778161,2782291,3423293,3761403,2897658,3559155,4055047,2841980,3453160,3749810,2988251,3601887,3952303,3046643,3534221,3885834,2999976,3731975,4193893,3042664,3628332,3974110,3087404,3840449,4249093,3192348,3828693,4158955,3293410,4010161,4522539,3195659,3854348,4187304,3301932,4057326,4473430,3356499,4018757,4402505,3376798,4077821,4611203,3220365,3958625,4330587,3326332,4164579,4615120,3373836,4084733,4480621,3391229,4251270,4792691,3359917,4068084,4433068,3421757,4274825,4711467,3498310,4156196,4570831,3409317,4356304,4896103,3426661,4146847,4488033,3534505,4301432,4728444,3544188,4205791,4588553,3515057,4399184,4975530,3445747,4226496,4631765,3515195,4360365,4859318,3505123,4235617,4699447,3452123,4461656,5108591,3393012,4261751,4654046,3569968,4496870,4993221,3640304,4389890,4814756,3669471,4812478,5622098,3635868,4579544,5135005,3744379,4797993,5448164,3826536,4650010,5256355,3744542,4894512,5645160,3811562,4780247,5355554,3902286,4967034,5678678,3884786,4860223,5479578,3901925
"Wage and salary income (Won)",535212,757519,80417,544873,766479,81173,607204,852670,90887,628697,885529,93965,635586,900392,87091,661441,947564,96146,746168,1072518,115431,738469,1061773,105765,767075,1099628,109063,783249,1117847,120117,850579,1221943,126503,844915,1220904,134248,847902,1238354,120563,843819,1219349,131459,919842,1340109,152612,911799,1324118,160129,936058,1378387,156650,960604,1396734,173620,1041052,1518800,174857,1054752,1534203,183141,1084173,1588220,205306,1062959,1550813,209900,1175179,1740903,213275,1160078,1719710,223660,1200130,1794658,214829,1184777,1750660,226416,1328593,1971852,240912,1272639,1884215,243182,1303250,1936852,280496,1275620,1884942,270555,1383561,2072870,283653,1269774,1908502,254207,1249421,1943172,255856,1133373,1771009,221683,1145199,1830659,213622,1152729,1827630,231570,1137329,1849668,229380,1128903,1809948,220952,1248157,2009702,247908,1243282,1965824,258740,1246508,1958623,298928,1260051,1975265,304139,1343372,2107268,327969,1336269,2078848,348071,1371955,2175298,326152,1376265,2131685,356009,1469999,2323158,342664,1474029,2330563,343888,1491802,2353234,360123,1506981,2350595,385936,1584536,2485263,400972,1567653,2484564,371872,1667339,2524232,451019,1679362,2508309,441723,1791477,2702363,481361,1775821,2658805,458455,1803984,2700886,488916,1786276,2642506,495674,1905376,2853585,541904,1843973,2750266,510344,1860475,2809047,525526,1845753,2736648,519588,1936108,2900620,534497,1897813,2851550,508129,1946971,2927712,531703,1944512,2885419,518682,2038368,3068675,522114,2047536,3111612,495623,2088164,3216929,514397,2035470,3065674,525680,2209829,3296881,581657,2160220,3237797,568302,2314479,3491843,601747,2227845,3315992,591220,2392690,3558746,632471,2296040,3398551,598715,2288074,3384687,655625,2188912,3250789,610458,2307166,3423246,639233,2321513,3406962,634044,2391734,3601514,642108,2311772,3372856,648848,2472209,3581409,714657,2397119,3514379,699543,2539973,3762941,714959,2439500,3562720,682359,2623317,3829845,709789,2585092,3717819,749191,2744974,3999550,750635,2616039,3741446,748842,2819116,4041715,759942,2762449,3977107,730484,2802304,4114318,693138,2696143,3868148,703866,2915642,4165347,722286,2829105,4035876,715122,2947923,4292653,734065,2811419,3975273,750425,3002791,4235918,809827,2910482,4094277,778118,3061981,4350180,843441,2853822,3988926,816602,3001909,4220179,841484,2945619,4128804,810439,3075269,4437700,821421,2905735,4118371,777397,3046299,4363300,788863,2927935,4204861,770971,3085412,4491432,762869,2903004,4102233,788257,3104085,4432636,811371,2956046,4221399,810465,3271919,4919271,877844,3091207,4554856,890530,3280154,4833437,959311,3185680,4674032,963094,3303444,4905179,992640,3257161,4725485,1016388,3463481,5027222,1085388,3397520,4885408,1095382
"Business income (Won)",243917,46994,646782,254121,47263,686961,260018,50690,700323,284745,52673,767926,288009,56804,766905,323474,67489,829223,343019,60674,888707,361974,69304,934727,358417,66432,936158,377014,70646,984197,377062,74146,967682,406884,79733,1025242,397774,73102,1002577,413544,69805,1065601,436584,72275,1101659,457497,77313,1150586,467436,79428,1151129,481045,81399,1202194,491505,85573,1227491,523194,94711,1302149,511231,90594,1244662,545080,97640,1327470,573691,96231,1385518,614297,107057,1463048,607618,112647,1427925,616554,109611,1475097,609536,113780,1447806,644973,122535,1524386,646598,118216,1499508,651055,118829,1528953,653713,115728,1512157,661552,116361,1528396,565323,110592,1216571,560380,107801,1207475,532175,96479,1124310,565357,100970,1199190,542126,113205,1088829,554027,126851,1123526,549741,112401,1124164,587446,123117,1220147,579075,139023,1164634,619604,137301,1264221,601175,130527,1226781,638195,144904,1294649,621611,155312,1228645,643519,143986,1318179,683499,152543,1385085,716731,182077,1422173,711274,175015,1415768,723041,178126,1447156,716926,173244,1431330,722221,160068,1455349,701951,141558,1497404,680142,140230,1486246,683635,136481,1470599,711614,147640,1553034,692059,145261,1493792,712742,142511,1572254,702311,144236,1504792,715945,153183,1544060,709273,149572,1496955,714978,162990,1536654,712465,154889,1522723,730718,174892,1540610,735926,170504,1551864,717736,164155,1556621,719572,153495,1552641,744221,160505,1595549,729438,157267,1527180,735638,154513,1587293,731237,158194,1589534,745034,155139,1616493,739189,159286,1582786,755845,155994,1658048,754214,154515,1659491,736315,140471,1653621,708687,149104,1541697,723645,141626,1588802,754297,157252,1646553,792559,166638,1765632,794244,181308,1680694,812678,168579,1822108,797659,163836,1801967,805130,169125,1771482,809355,167687,1766905,831466,171785,1863458,849378,173320,1921589,872730,176398,2001330,836668,191797,1861789,854294,185506,1963900,851432,175348,1990134,871701,168560,2047965,833179,177798,1886757,863355,201370,1988655,844501,185165,2001701,863297,189030,2044457,852876,177193,1965270,860517,178570,2068132,849464,185031,2031075,826512,180568,1990048,797681,175785,1868711,838228,188858,2003681,831921,187986,1973845,831374,174450,2016863,832364,187209,1899634,854054,187147,2024565,851535,175678,2010005,859309,188694,1992101,854166,213424,1912579,895827,213201,2099585,919678,229678,2110428,947960,250090,2131295,919252,228685,1922845,938900,225948,2010861,935996,239879,1976102,915189,230109,1938233,895254,204394,1891949,913428,219528,1972373,881383,215593,1893898,895534,211727,1953555
"Property Income (Won)",11537,10320,14028,10819,10036,12458,9620,8012,13002,9606,8593,11714,10108,9395,11587,11401,9746,14671,12407,11405,14344,13692,10869,19216,18380,16105,22880,14888,14295,16062,17655,15488,21882,17033,16997,17101,18597,16746,22045,13148,12157,15028,14361,13311,16279,16229,14752,18921,17001,16618,17675,18738,17713,20587,17922,15755,21851,18231,16038,22218,20252,15937,27777,19283,14976,26812,21468,14946,32557,21444,15175,31934,20880,15881,29164,23717,19905,30174,21582,17607,28303,27311,22445,35502,32455,25263,44066,30288,26470,36586,30356,27786,34456,26768,20508,36723,22054,21028,23522,25737,24789,27093,32103,26845,39248,32933,24706,44164,32645,27905,38687,29270,24686,35380,32897,31637,34551,29716,25885,34938,27809,21645,36010,27005,17757,39366,30102,22751,39874,34324,23000,49394,27976,20621,37551,30866,26422,36868,27833,23399,33691,29840,22462,39574,28738,20471,39597,28420,21586,37501,30001,23217,38914,28492,19647,40027,15818,8986,25516,20986,14078,31300,18461,11897,27902,17097,11609,25285,17691,9617,29528,15857,10968,23227,15973,10330,24088,18226,13091,25781,18798,15397,23584,15363,12364,19827,15192,11509,20542,16204,11161,23554,14906,11748,19462,14278,9054,22195,14524,9006,22646,17890,15371,21564,21828,16768,28883,18610,12343,27794,17454,13496,23381,18792,13377,26793,22537,15902,32187,18820,12878,27758,17841,13148,24926,16105,11605,23034,20075,16977,24687,15840,12895,20218,15004,14225,16169,11711,10415,13726,17146,17764,16251,14057,12826,15987,12645,10480,16075,15975,13182,20217,19480,15619,25241,17291,13820,22721,15477,10686,23074,15251,11898,20684,19836,17207,24015,21770,17078,29556,20566,11686,35521,23091,16492,34131,23373,11047,43187,21326,12680,36024,17627,9954,31093,19609,14063,29324,18517,14320,25427,17142,13919,22851,18721,14085,26966,20081,13053,32740,23033,13325,39753,15616,10942,24005,19621,16658,24876,16371,12517,23326,19607,14019,28850,15986,12263,22520,14741,10666,21727,17576,10525,29488,23363,19496,29751,18603,13721,27212,19678,11144,34405,19761,11485,33794,23158,14868,35204,25639,17673,37615,22176,14172,34136,20220,11628,33049,16391,10617,24722,25968,16209,40862,21070,12606,33942,21769,15018,32215
"Transfer income (Won)",54267,36820,89960,49028,30845,87077,46238,30970,78352,47372,28252,87179,65058,45906,104727,58707,38339,98946,62018,40041,104492,62234,38542,108597,80289,56449,127460,67567,42342,117561,73807,42703,134455,64455,39835,110992,77080,48672,129999,56453,37177,93018,63782,39067,108901,61074,41196,97314,83682,58987,127194,66151,40256,112879,80198,50373,134273,75862,49190,124349,103319,65046,170054,93517,56541,158171,88515,48869,155926,87520,47628,154270,127435,82793,201419,103168,58216,179298,114706,64667,199318,93840,51157,165688,142181,97995,213507,112406,74813,174416,120936,75914,192777,103900,61307,171623,113331,64598,183124,100648,55383,165369,119635,58976,202074,129863,72769,207788,158265,97412,235829,135688,65210,229648,149681,65575,260148,150150,70239,259038,182750,95340,299063,149096,70632,253967,156798,68407,274290,159294,79611,265333,193542,101219,313729,162163,81844,270640,180264,90104,299399,172882,85639,287994,210893,125188,323485,174013,99796,272638,183856,97803,296931,158788,80431,260976,171128,101365,270153,165176,79306,293381,181295,91267,310780,182602,93565,315441,198951,114199,323217,193956,115620,312033,207608,119812,333854,216304,132507,339613,256380,178552,365910,221888,131970,355739,238507,147919,370148,236637,145245,369802,250371,163147,376242,241496,144872,387918,238804,137560,387800,255993,148731,412429,299710,192342,449406,255102,153007,404725,265931,163064,420005,262684,169587,400217,296869,197968,440742,268800,178137,405162,290434,183006,452601,288822,176994,460984,314822,233087,436495,286290,174410,452597,302461,183438,480336,297511,177389,484256,356031,254461,502926,314652,195550,501308,319373,196578,513945,315997,189147,508734,363168,247646,535559,340075,225786,518867,352278,235241,537895,355620,252840,522205,408682,313984,559219,362246,243275,559634,366212,244681,570902,361516,240346,564218,418964,308040,597284,377801,248390,597786,386810,254654,618756,372722,241653,602326,431954,308526,635156,379006,265307,580349,403849,276433,630442,399121,282933,608411,473609,356813,674755,439180,299307,690217,447981,303620,703983,412426,272782,664430,471945,336602,695841,450721,313984,690713,447789,309675,684528,430797,295368,659562,498715,384238,687814,444317,324892,654914,453429,319763,684101,466123,331782,693917,598149,459274,799975,523799,336527,805372,559666,360677,856987,528920,340585,810166,679423,524970,902251,583690,394332,872664,601100,423257,871558,545400,367425,820773
"Noncurrent income (Won)",35565,38445,29673,34726,39284,25188,31988,35700,24179,52976,55653,47403,38597,44135,27126,47952,53401,37185,46234,50645,37710,65312,74118,48078,57255,64540,42841,51761,55163,45020,54742,58738,46952,68590,78716,49452,58001,65035,44897,46701,54797,31345,51376,57650,39922,73682,80791,60722,70826,76955,60025,68659,79387,49299,68949,76059,56058,91291,103823,68508,81129,95840,55477,63173,71022,49447,68951,74028,60318,88992,98164,73645,92699,97046,85496,92706,100756,79072,79653,89826,62453,119677,130154,102039,102948,117014,80243,101024,107226,90794,93147,105240,73849,101889,106697,94246,100580,113506,82069,117673,156543,62095,64635,85733,35962,108477,129357,79977,120008,167998,58840,99881,106453,91120,57323,61603,51700,140175,152745,123048,126350,152038,92169,134632,157402,104198,119714,132153,103180,110976,128038,88271,130423,152661,101474,112518,136379,80293,145057,172427,108890,133637,150321,111623,149212,163925,129883,118739,128820,105344,122923,122659,123269,108874,110899,106234,107031,117458,92230,91838,104824,72449,85156,86870,82691,99455,101699,96107,133700,147419,113584,80197,74980,88060,110093,120930,94511,102128,105685,96894,144547,168443,110918,105296,83077,138370,91009,93545,87324,124672,120032,131433,181156,198827,155655,113361,120127,103107,88316,87640,89310,154187,151796,157675,163433,175329,146847,104004,98066,112706,117036,114748,120464,152442,155147,148446,158610,181152,125817,121473,132946,104216,119866,114183,128446,126343,140339,104797,193167,225858,144501,111587,124299,92690,105090,122459,79133,142347,150911,129034,215967,156906,301383,130752,139103,117664,101526,89791,120121,115222,107023,127679,181786,193369,164500,133570,117441,158803,106020,86196,137461,108026,117110,93302,168306,159699,181989,139512,125792,162276,130405,110336,164207,118259,114936,123818,159965,172971,139058,117603,116826,118925,138108,122234,165969,124916,135998,105504,190905,181926,205686,118853,116483,123052,148012,126195,186810,130828,126891,137920,193561,184400,209338,157534,177732,121283,138240,154219,109905,128756,128941,128420,191636,197027,182717,116286,117228,114634,103818,89664,128077,99962,95998,106659,203379,209219,193731,118647,79641,187431,84310,74593,101078,82356,76293,92637,42378,48131,34016,39864,32679,50667,45793,46986,44010,35931,17838,62949,23207,14978,35078,22073,18913,26894,16912,11962,24441,20724,15108,29414
"Expenditure (Won)",720786,708035,746871,716960,693430,766194,741966,729630,767913,818528,804225,848309,818105,807336,840411,853186,831340,896347,914885,900043,943572,972652,962276,992956,1000712,994553,1012899,1004127,999351,1013592,1033919,1032658,1036377,1098390,1091280,1111830,1094117,1100830,1081611,1085102,1074255,1105678,1117864,1116960,1119514,1182191,1158523,1225338,1236333,1225523,1255380,1200104,1200100,1200112,1273558,1288102,1247187,1369205,1371827,1364439,1403501,1416877,1380179,1355518,1332517,1395737,1414281,1414708,1413555,1498287,1488831,1514109,1594590,1597639,1589538,1556553,1566283,1540075,1568174,1576358,1554335,1659787,1671994,1639241,1717014,1713042,1723424,1677258,1666089,1695681,1676211,1698976,1639887,1653191,1655432,1649628,1559471,1606079,1492722,1472346,1526335,1395153,1459051,1512626,1386240,1609231,1665627,1532256,1677228,1747182,1588065,1668645,1716941,1604259,1670362,1734282,1586406,1790565,1848214,1712010,1871564,1934314,1788065,1823239,1874650,1754526,1863623,1904895,1808763,1894102,1950717,1818761,1984746,2071628,1871642,1962691,2022075,1882487,2030175,2101692,1935674,2079896,2166772,1965267,2155371,2234828,2050986,2071468,2154559,1961053,2120266,2185269,2034851,2046992,2155538,1905433,2209168,2310421,2065443,2165418,2272290,2005855,2246212,2339895,2111470,2243069,2310173,2142954,2404778,2522902,2231580,2253982,2343333,2119303,2368812,2484544,2202396,2331642,2436627,2177152,2506313,2654249,2298119,2338791,2440265,2187740,2473779,2607140,2279982,2411332,2532624,2234598,2612741,2766193,2391300,2447355,2555992,2282729,2520495,2658198,2317844,2594556,2755278,2360149,2719342,2920948,2438256,2538036,2690525,2314559,2707277,2893369,2428549,2658096,2847596,2378144,2910115,3173303,2527250,2707095,2945181,2349002,2856711,3087325,2508587,2743774,2955033,2418539,2833536,3085471,2458497,2692566,2917512,2358190,2853278,3068918,2531014,2899382,3127580,2544619,3066558,3353816,2651115,2912211,3098989,2619493,3054305,3242120,2756706,2989012,3188383,2686087,3202396,3478856,2789839,3022754,3252807,2662864,3218394,3441077,2865225,3105536,3328727,2743792,3400361,3708930,2909844,3149554,3406215,2723720,3310009,3548905,2907645,3180973,3405259,2805770,3382532,3692792,2883764,3186392,3460330,2720727,3354440,3593150,2935480,3277353,3521304,2850009,3520432,3827279,3015263,3280904,3573999,2761880,3440775,3712278,2957940,3279903,3548145,2796720,3534037,3880047,2938138,3308962,3552480,2871910,3431042,3693149,2966233,3338987,3572897,2916872,3543903,3891465,2968938,3324744,3598435,2844380,3452861,3745065,2952003,3272226,3565394,2777012,-,-,-,-,-,-,-,-,-,-,-,-,-,-,-,-,-,-,-,-,-,-,-,-,-,-,-,-,-,-,-,-,-,-,-,-
"Consumption expenditure (Won)",581597,559339,627131,566683,539461,623642,607272,583316,657661,656954,634886,702901,663328,641337,708878,682210,655647,734690,748290,722500,798133,783007,762976,822206,807325,786525,848483,792882,775042,828240,834081,816991,867402,871318,847492,916353,880651,868384,903504,860833,842647,895332,906565,886445,943295,937850,902356,1002557,990051,961329,1040662,944970,930041,971908,1020783,1012324,1036121,1080358,1062947,1112009,1104785,1093223,1124943,1066188,1028493,1132103,1147057,1120488,1192232,1182629,1154252,1230111,1280681,1254137,1324672,1225560,1212084,1248382,1264777,1245640,1297136,1305713,1285452,1339818,1359900,1328861,1410002,1308105,1276488,1360256,1361816,1351376,1378475,1291258,1272210,1321544,1217128,1211339,1225418,1107282,1117455,1092737,1148616,1153140,1142469,1234089,1246591,1217025,1323208,1349738,1289392,1278686,1294939,1257017,1330063,1347101,1307684,1405322,1424091,1379747,1509679,1534389,1476798,1417965,1438404,1390648,1514391,1507952,1522950,1493373,1518467,1459979,1596162,1623556,1560501,1534301,1550109,1512952,1637263,1659691,1607628,1633833,1674159,1580625,1726217,1755616,1687597,1645788,1683768,1595316,1698680,1719752,1670992,1608049,1663079,1536282,1772322,1818493,1706786,1709308,1761734,1631036,1784792,1821692,1731720,1761811,1781617,1732263,1922914,1980067,1839115,1770440,1807319,1714852,1869925,1917160,1802004,1831416,1880218,1759602,2001640,2078503,1893469,1838265,1877162,1780364,1955053,2025276,1853006,1907450,1966127,1821952,2080386,2162505,1961884,1919648,1968219,1846044,1977890,2050064,1871675,2021057,2102773,1901877,2148670,2259730,1993826,1980765,2061111,1863015,2104012,2211890,1942435,2063327,2161638,1918091,2289136,2443313,2064853,2113565,2253254,1903465,2202928,2338329,1998533,2119258,2237020,1937962,2174283,2325668,1948927,2093895,2227034,1895986,2222222,2353041,2026719,2245139,2373048,2046288,2362585,2531000,2119016,2242169,2343625,2083168,2341232,2451304,2166820,2323805,2442087,2144087,2453626,2611314,2218310,2311503,2443780,2104573,2455378,2576539,2263219,2390265,2522247,2176350,2594493,2770567,2314595,2414479,2570693,2155298,2498887,2635040,2269570,2436243,2567311,2216982,2570947,2750333,2282570,2422836,2590802,2137315,2531056,2674475,2279342,2506487,2650082,2254942,2670414,2838791,2393212,2503280,2676166,2197128,2592622,2757872,2298747,2512402,2665172,2237217,2671787,2875031,2321759,2509636,2640862,2274118,2579563,2731994,2309248,2553140,2675603,2332142,2679824,2882834,2343988,2527773,2679424,2261607,2602302,2771321,2312590,2493222,2655279,2219476,-,-,-,-,-,-,-,-,-,-,-,-,-,-,-,-,-,-,-,-,-,-,-,-,-,-,-,-,-,-,-,-,-,-,-,-
"01.Food and soft drinks (Won)",136548,130557,148806,149938,143245,163942,173562,165782,189925,181652,172810,200062,160647,152849,176800,174825,167588,189123,201683,193243,217996,208071,199780,224297,184234,176370,199796,190686,183154,205612,213513,205106,229905,216643,209448,230242,186174,180433,196869,193404,184664,209983,221484,212021,238760,216315,205412,236193,203816,194967,219407,211927,203242,227599,245196,233207,266934,237626,226909,257109,211261,202935,225777,218025,207582,236284,251379,239003,272422,247940,234496,270434,234891,222489,255446,235329,222960,256279,276721,263969,298283,257902,244843,279884,240304,228945,258639,235952,226188,252056,270379,258223,289775,258636,247193,276830,207703,204838,211806,213716,211717,216575,224307,221298,228396,256552,249214,266568,239119,234099,245519,231908,226974,238487,247739,242316,254861,261306,253215,272332,237282,229848,247175,230604,224261,239083,270490,260075,284334,256568,248517,267281,235996,231033,242458,231438,226409,238229,276770,267986,288378,258372,253724,264506,248285,242738,255572,237904,232839,244634,276732,268788,287172,261760,255000,270576,247924,245530,251321,238238,237013,240067,278912,275916,283221,272110,267795,278548,261757,261253,262496,249855,246952,254231,304707,299036,312862,278407,273597,285485,273323,272577,274373,251068,249323,253664,296118,292936,300742,287113,284485,290943,280048,280723,279074,256467,255504,257926,276646,274079,280423,307500,301107,316824,277747,277972,277432,255005,256453,252884,303978,303400,304843,292306,290938,294326,295051,299006,289297,278681,282424,273051,329230,327417,331967,316597,313688,321076,289962,295980,281004,288886,294171,281031,315498,318068,311656,312885,309061,318830,299935,305222,292289,298265,299540,296266,345890,344268,348459,337345,329896,348663,325023,328278,320165,322158,323441,320151,368485,364031,375550,348802,344984,354990,344509,351656,333149,328637,335106,317904,384785,387765,379765,348586,350059,346121,339204,349547,322577,332846,340737,319431,374600,383384,359184,357455,359003,354744,344817,354265,329261,337096,347206,319194,370575,377078,359010,356271,362059,345847,352723,362807,335357,344013,352376,329001,378538,385601,366014,342269,346524,334589,349411,358957,333618,329151,334908,319046,365267,371635,354352,352557,358195,343035,-,-,-,-,-,-,-,-,-,-,-,-,-,-,-,-,-,-,-,-,-,-,-,-,-,-,-,-,-,-,-,-,-,-,-,-
"02.Alcoholic beverages and tobacco (Won)",9043,8979,9175,8937,8849,9121,9551,9479,9704,9217,9054,9556,9118,9083,9190,9650,9626,9697,10849,10723,11091,9728,9621,9936,11155,10822,11813,10461,10591,10202,11917,11791,12161,10057,10036,10095,10393,10266,10631,11199,10939,11691,12342,12334,12355,11593,11387,11967,12982,12891,13140,12679,12424,13138,14843,14681,15137,13239,13393,12958,13377,13436,13273,13411,13362,13496,16324,15980,16910,14445,14175,14898,15302,15130,15587,14999,14843,15263,17681,17551,17899,16015,16134,15816,18124,17629,18923,17692,17279,18373,19094,18838,19503,16790,16730,16887,16595,16784,16324,17229,17415,16963,17598,17855,17250,18477,18757,18095,19169,19379,18901,19700,20258,18956,20583,21247,19711,20470,20831,19980,20380,21057,19479,20315,21051,19331,22672,23670,21346,20506,21175,19615,21699,22437,20738,21909,22332,21338,24311,24930,23493,22782,23316,22078,22998,22727,23355,23227,23095,23402,24597,24869,24240,21304,21148,21509,20808,21097,20399,21763,22226,21071,25194,25488,24771,23603,24016,22988,24827,25179,24310,25129,25947,23896,27717,28234,26973,25203,25742,24411,27318,27265,27392,27153,27604,26481,30454,30476,30421,27338,26946,27909,28828,28760,28926,28285,28060,28626,29512,30287,28371,30229,30902,29247,28621,29365,27583,27502,27887,26937,30227,30728,29475,27449,27822,26897,27980,28164,27712,27179,26960,27507,29357,29360,29352,26435,26893,25729,25154,26234,23546,25814,27033,24001,26984,28387,24887,26379,27361,24853,26097,27697,23783,27294,28970,24667,30008,30462,29288,26295,26966,25275,26382,27093,25322,26692,27387,25605,30195,30480,29743,28111,28555,27391,27478,27084,28105,27753,27604,28002,29577,29201,30210,26956,27233,26491,26668,26845,26385,27455,27574,27252,30220,30727,29329,26990,27685,25771,26490,27151,25403,26477,27616,24460,29156,30799,26234,26910,28105,24759,28144,28317,27846,32150,33049,30534,36073,37264,33962,34127,35100,32372,34586,35138,33673,34091,34953,32578,35905,36947,34119,32582,33737,30631,-,-,-,-,-,-,-,-,-,-,-,-,-,-,-,-,-,-,-,-,-,-,-,-,-,-,-,-,-,-,-,-,-,-,-,-
"03.Clothing and footwear (Won)",58293,57209,60512,56839,53300,64244,50314,49851,51288,71664,70179,74757,62252,59475,68003,67845,64996,73473,62582,61613,64456,84071,81440,89219,78688,77946,80156,77973,75726,82425,65805,64751,67860,90503,88012,95211,80200,79674,81179,78634,76928,81871,70372,70984,69254,95399,92317,101016,86097,86374,85609,89336,86423,94592,78530,78916,77830,109553,110065,108623,98224,101513,92488,102243,98966,107973,91438,91008,92169,122935,118057,131096,112459,110345,115962,111382,110928,112150,91803,93517,88905,131958,128787,137297,109684,108248,112001,108887,106943,112093,93537,93740,93214,108669,107334,110792,82247,84266,79354,74238,76861,70487,58434,62316,53159,89603,92562,85564,82870,87674,76747,87182,90857,82282,72698,76692,67452,108331,112248,102993,96420,99426,92419,98766,103259,92760,88087,90202,85277,117679,121904,112055,104833,111394,96291,102197,105055,98339,89214,91107,86713,133096,136939,128025,115722,118292,112345,113921,117439,109246,95496,100284,89204,124865,131952,115623,120359,126220,112041,118234,122642,111651,99554,104706,92143,133846,138333,127151,119089,123629,112431,121292,124135,117006,96440,102134,88252,131096,133995,126829,121269,128729,110771,126128,131910,117522,103359,109882,93879,142441,150529,130654,132022,140591,119656,128633,134162,120255,102077,109424,91265,149525,158012,137146,132047,142836,117005,135771,144320,123243,111311,118961,99854,152335,165699,132591,140649,152926,122790,143099,158282,120264,112984,121850,99599,149769,161915,131069,128430,143040,106680,135288,148703,115347,109080,117582,96374,164298,174679,148159,138203,151131,119506,151071,160449,136375,120006,127566,108026,184428,196346,166319,151389,165948,129663,157888,169442,139812,130313,140500,114156,195939,214444,165947,160927,176855,135606,172559,186933,148710,134327,143917,118175,206159,223547,177070,167124,183895,140162,172866,190744,142475,135308,144605,118992,210538,229432,177439,165055,179238,141706,177626,193159,150121,136890,146343,120081,201620,218306,171562,156381,171082,131062,171382,182060,152216,132081,143405,112000,192128,207403,164563,152471,165054,131654,166610,179062,144756,132686,142932,115124,181070,198788,151143,-,-,-,-,-,-,-,-,-,-,-,-,-,-,-,-,-,-,-,-,-,-,-,-,-,-,-,-,-,-,-,-,-,-,-,-
"04.Housing, water, electricity, gas and other fuels (Won)",58045,56195,61831,55038,52879,59556,60677,56833,68763,67647,65159,72829,69041,67046,73172,66056,62401,73278,65075,61961,71093,82716,75461,96912,81629,77859,89087,80088,76139,87915,74294,69928,82805,97080,87859,114508,94936,90368,103444,89643,85388,97715,77625,76472,79729,96265,93570,101178,102339,97149,111485,83472,79871,89971,82880,80268,87616,107369,103672,114090,108277,107780,109145,96847,92996,103582,89412,87132,93289,109789,106500,115293,126262,123957,130081,109401,105859,115401,97891,94471,103675,120821,114168,132020,135858,128864,147147,113194,109810,118776,100430,96495,106711,136598,131551,144621,159719,153367,168816,120424,120263,120654,105038,102707,108207,127016,122070,133765,154438,149836,160303,132274,126390,140119,115727,109488,123922,141532,132941,153238,169004,167368,171182,156070,147262,167843,127729,125805,130286,153262,149953,157665,194521,197817,190230,183173,174897,194351,151837,143022,163485,165065,161291,170043,196480,203858,186789,165515,172457,156289,144690,144700,144677,180912,181129,180630,202267,198656,207391,173523,173173,174045,143504,142203,145375,171389,171814,170755,210201,210203,210199,174812,176268,172619,154626,154974,154126,173134,175858,169125,226457,226096,226966,185834,186207,185279,159684,162800,155156,181033,179347,183489,236586,239105,232950,193337,199668,183743,172500,176339,166849,185591,186625,184084,236342,235460,237572,196664,193168,201787,168156,168688,167358,200553,199447,202188,254031,251650,257494,208121,209138,206590,177719,178483,176566,204649,208551,198642,255084,258930,249359,211803,209761,214837,180723,182660,177828,209478,213834,202707,287755,289158,285725,228223,225703,232174,191374,191247,191574,221422,219572,224233,297083,299020,294194,243065,245022,240004,202989,199109,209144,229062,232737,223105,317440,324465,306272,248228,255429,236280,215416,217556,211812,252366,247881,259869,326974,331563,319596,264996,268591,258883,229309,233223,222441,255824,257538,252822,323159,327858,315422,262229,268421,251264,226382,229675,220526,255557,257248,252513,340804,343529,336111,285053,281705,291063,241529,249467,227452,254658,263098,239427,327365,332422,318999,276861,273876,282101,247358,251070,240994,253578,259776,243108,-,-,-,-,-,-,-,-,-,-,-,-,-,-,-,-,-,-,-,-,-,-,-,-,-,-,-,-,-,-,-,-,-,-,-,-
"05.Household equipment and housekeeping services (Won)",32609,33812,30149,37199,35784,40160,35683,35345,36393,38737,37568,41170,35827,36199,35058,45416,44221,47777,42966,43315,42291,48629,49567,46792,41812,42574,40304,47208,47768,46097,44162,43653,45154,50296,51368,48269,42620,44531,39061,47506,48465,45687,46428,44795,49411,53676,53190,54562,42479,41383,44412,49579,47999,52429,52025,51985,52098,61603,60172,64203,47563,48086,46652,54411,50524,61208,54765,50584,61873,55687,58351,51229,51036,53059,47684,61686,60120,64338,56087,53871,59835,57549,55816,60465,49772,49347,50457,65511,63159,69391,55384,54962,56058,49939,44922,57917,40388,40582,40109,41740,42795,40231,46181,48875,42519,45882,45550,46337,41561,43046,39669,48204,48632,47633,46688,46576,46836,54885,59388,48748,42491,41779,43439,55824,57675,53350,52473,53509,51096,55246,59016,50230,46075,46389,45667,60592,64024,55956,64730,61824,68569,76878,74905,79481,57803,63014,50957,63472,69768,55106,65670,63146,68988,65270,70894,57935,52657,52419,52995,60983,64766,55335,58519,60985,54973,67676,67727,67602,58446,58832,57880,56420,53324,61088,64887,67435,61224,72865,72036,74085,64371,71617,54172,70996,70854,71206,67798,72562,60875,70241,72816,66490,64499,68522,58694,67944,73341,59766,69223,74831,60969,79982,87187,69474,71147,75990,64395,76451,78136,73982,74904,80988,65793,89459,89072,90029,65492,71156,57252,75654,75010,76624,79311,82890,73909,80729,85204,73839,65376,70628,57558,72771,77797,65301,80380,84006,74962,93815,103395,78920,78735,88414,64738,82909,85505,78842,93224,99389,83456,101838,107233,93640,84110,92008,72323,89671,99198,74767,89706,93954,82968,95300,100662,86610,91640,100085,78215,93026,100717,80265,98109,103579,88896,96316,103442,84395,91778,102715,74196,98783,107062,84708,105188,110619,95658,107383,118445,88003,96669,107025,79620,107913,124968,77711,104403,117104,81815,108042,116550,92718,96117,109936,72318,107578,114596,94983,100113,107150,87634,114190,119646,104342,103171,113165,86637,104709,111357,93040,123650,126894,118091,110744,126729,83742,-,-,-,-,-,-,-,-,-,-,-,-,-,-,-,-,-,-,-,-,-,-,-,-,-,-,-,-,-,-,-,-,-,-,-,-
"06.Health (Won)",38368,36037,43135,36680,34656,40917,36287,36243,36379,39452,38232,41991,44603,43600,46680,43584,41413,47873,45941,47149,43607,47242,46724,48254,53833,52699,56078,51957,50868,54115,54051,53623,54885,54647,53588,56650,57663,58277,56518,57574,56125,60322,56284,55457,57795,57959,58035,57821,61194,59635,63940,58012,55283,62937,59500,57949,62313,65241,65227,65267,62525,61999,63442,64435,61827,68996,67274,63821,73146,69209,64563,76983,76431,71183,85129,70997,70603,71663,72239,66117,82591,73729,72455,75872,76156,74856,78255,74234,70339,80659,72567,72428,72789,75174,78150,70444,63138,66171,58794,67065,68541,64954,68841,66464,72071,68675,68808,68494,74666,75300,73859,78418,77633,79463,75302,78761,70760,77265,77913,76382,85083,82941,87933,81084,80217,82243,78044,75188,81840,82421,80846,84517,86110,86578,85501,80563,80294,80926,86326,87311,85023,92542,91067,94487,98165,93612,104146,99646,98923,100607,95012,93924,96442,87632,90653,83693,102855,106634,97492,97673,98101,97034,99546,100838,97688,99118,97163,102035,103288,101515,105889,105463,103643,108205,102918,98869,108740,104110,105352,102282,116641,117620,115264,109402,110561,107677,110263,112768,106624,112096,108290,117642,120965,122706,118453,118371,114313,124520,119883,113811,128818,125134,120276,132220,132294,127213,139378,126425,116743,140614,131511,127420,137638,125997,120459,134179,139011,135261,144464,120942,119695,122817,134914,136203,132968,133396,133612,133063,136863,136944,136741,143407,138111,151279,145439,146588,143720,148593,145081,154052,143952,145727,141386,157485,155626,160397,152980,147366,161875,157608,153762,163452,160533,164127,155168,147376,147054,147881,160661,161990,158552,161767,168073,151547,169320,173615,162492,160029,159723,160537,155396,157000,152694,157966,161478,152092,172448,169327,177465,160424,155283,169164,160374,158120,164330,170507,173717,164883,174586,178658,167882,171785,174017,167833,169735,174055,162053,165186,166186,163386,176965,181744,168735,171707,170827,173286,179622,179761,179375,173776,167588,184942,181127,181881,179880,178862,184198,169495,169125,166019,174449,190711,186667,197543,-,-,-,-,-,-,-,-,-,-,-,-,-,-,-,-,-,-,-,-,-,-,-,-,-,-,-,-,-,-,-,-,-,-,-,-
"07.Transportation (Won)",49901,48812,52127,39642,38014,43048,47605,46988,48904,53727,55463,50110,53310,52720,54533,53178,50884,57709,67849,67156,69189,61248,64909,54085,61578,63569,57637,67526,72100,58462,77350,80099,71990,73497,73294,73878,73094,75733,68179,83345,87127,76170,95475,95609,95231,89440,83312,100612,105754,101399,113428,96374,106843,77482,110214,126007,81579,112532,112336,112887,122553,123745,120474,113277,113542,112813,124609,134031,108589,133442,141286,120318,139327,151399,119321,141004,154518,118119,140876,153172,120086,147925,158642,129885,152586,152644,152493,158637,160533,155510,168619,184620,143086,150583,159638,136186,126474,135680,113289,125962,132782,116211,140697,146113,133336,154917,171041,132910,148243,168125,122901,167919,176526,156444,180808,194628,162656,171502,192521,142860,186839,191145,181109,175294,194789,149239,195460,208289,178406,185547,192473,176329,177654,187520,164810,196314,203901,186068,200734,232728,158457,194254,211160,171947,197443,202912,190257,228176,221986,236402,205948,224341,181779,176741,188032,162015,203607,220639,179432,212341,235465,177816,206076,215674,192271,189665,192052,186103,214073,233960,184913,214870,231081,190435,210284,222354,192927,216544,231968,193847,228669,247073,202769,215021,225400,199572,244128,256931,225523,227993,241987,207602,227454,246159,200460,253691,248843,261036,251871,270435,224552,250008,271987,217953,253119,290264,201329,249928,275245,212824,255567,286935,208584,254485,277411,220616,279243,317201,224025,275536,316502,213922,264167,290755,224030,246377,264474,218516,217905,242646,181075,249740,273000,215164,276492,301294,239427,318618,357471,258215,240884,273492,193725,274949,293810,245390,272570,295840,235697,288597,321153,239130,270287,288869,242556,286473,306403,255295,298471,323117,259382,276542,290442,254013,279962,308634,234384,303011,344256,234580,297862,321451,258133,313772,341112,268035,295775,329214,242020,305017,347149,233398,312552,341926,260997,313458,336035,273909,325017,366944,255992,329183,355380,282791,345472,391997,262734,326873,361261,264931,308203,351929,232897,307588,325011,276320,310429,328904,277667,342594,349208,330658,307682,335394,261839,323963,350893,276698,299542,328782,249422,286612,312338,243158,-,-,-,-,-,-,-,-,-,-,-,-,-,-,-,-,-,-,-,-,-,-,-,-,-,-,-,-,-,-,-,-,-,-,-,-
"08.Communication (Won)",13292,12377,15163,13290,12130,15717,12880,11983,14768,13096,12188,14987,14555,13728,16268,15181,14403,16718,14873,14227,16123,15420,14338,17536,16916,16093,18545,16656,15517,18912,17141,16196,18984,17756,16840,19486,19458,18451,21332,19416,17892,22308,18990,18077,20655,19791,18629,21910,21518,20358,23560,21766,20296,24418,22278,21436,23805,22667,21422,24931,25652,23792,28895,26029,24271,29104,28385,26097,32276,28596,26236,32546,30876,29453,33235,31787,29074,36383,33023,29503,38976,33562,31150,37620,36298,33213,41276,39195,35806,44784,38989,36184,43466,40526,37325,45616,43156,41541,45468,44933,43369,47168,45420,43627,47857,47559,45869,49867,53883,53483,54393,56597,55037,58678,60361,59744,61172,63765,62245,65836,73641,72685,74912,75581,74076,77594,79581,77572,82251,81918,81606,82334,90704,91617,89516,94651,94628,94681,100244,101565,98500,103853,103571,104226,109592,111679,106850,110800,112538,108491,111867,112791,110652,114044,115898,111627,121922,121743,122176,128879,129042,128636,133799,133688,133958,130243,129051,132022,134182,133233,135574,135070,133987,136701,134752,135596,133539,134085,134422,133589,135117,136604,133024,134154,133269,135471,136603,137218,135708,133007,132841,133248,134136,133831,134575,134663,136240,132273,134750,136923,131553,136383,139094,132430,138767,143668,131933,136388,139034,132511,136726,139139,133111,135935,139041,131346,137972,141291,133145,136666,139337,132649,136018,138421,132390,134407,135738,132359,131038,134401,126032,132626,137073,126016,132206,136027,126495,134136,137929,128240,137181,142708,129187,139004,141726,134740,138495,142273,132509,140865,144768,134933,138585,144982,129038,141309,144220,136755,144276,147406,139313,147709,151605,141396,148308,156372,135490,154673,161477,143384,155444,161798,144742,152145,158053,142263,150782,159511,136749,152335,158962,141070,152911,159084,142078,154374,160318,143961,159898,166737,148637,143273,149499,132248,151255,158908,137645,148109,154921,135839,145404,151743,134487,146589,151098,138497,144269,151223,131937,151909,159672,137901,145706,154438,131262,146363,153323,134147,141442,146658,132502,143049,149313,132468,-,-,-,-,-,-,-,-,-,-,-,-,-,-,-,-,-,-,-,-,-,-,-,-,-,-,-,-,-,-,-,-,-,-,-,-
"09.Entertainment and culture (Won)",39731,37899,43478,36839,34661,41395,37762,36358,40714,36070,34523,39292,45087,42726,49980,42806,40980,46415,51218,48007,57423,46551,45282,49035,55686,55255,56540,49851,49774,50005,54936,55276,54274,48531,48525,48544,58285,59983,55121,54943,55324,54218,58161,55754,62555,57667,55673,61301,63286,62544,64592,61933,62325,61225,63443,61844,66340,64185,64666,63311,74489,74828,73899,67364,63441,74225,76720,76245,77529,67080,64503,71391,88231,84111,95060,80108,75605,87735,80185,77598,84559,77165,77280,76971,90346,90316,90394,83699,82577,85549,88334,86759,90845,68914,69109,68603,69071,69002,69169,63061,64088,61594,67533,71129,62646,66777,70878,61180,80255,81608,78532,77059,79960,73192,80042,84162,74630,78481,79735,76772,101235,107293,93173,83057,84484,81149,96214,98602,93039,83140,87339,77552,99512,97942,101556,87491,87800,87075,91036,93883,87275,93384,100515,83975,96964,101758,90665,91624,94557,87727,101271,104269,97332,83033,87917,76663,110966,118492,100283,98733,102671,92853,108294,116080,97095,100502,105339,93286,110399,120147,96107,96782,98205,94637,106069,112919,96218,96402,101769,88505,110524,116012,102801,103337,106266,98976,113092,119555,103701,97416,105074,86258,117924,126726,105220,104306,108285,98276,110680,118022,99875,102595,110118,91622,112813,121566,100610,109333,115134,100833,120076,134303,98769,109189,116978,97683,126380,141500,104385,111867,118332,102144,114664,128293,94089,103488,112303,89917,113445,122750,99594,108375,120019,91067,126343,137731,109323,109115,117253,96462,134780,148549,114866,123218,131731,109878,133759,143462,118385,126921,134805,114943,133557,150182,108748,129354,137471,116655,140461,156317,115313,124078,136292,104282,140887,158760,112474,137228,151170,114097,146837,164831,116530,126102,135707,110035,143834,157191,122362,141429,152309,122935,145928,153776,132153,133272,143560,115249,156003,166409,138871,151814,163152,131735,154725,163181,139686,136269,146958,117014,155911,173224,126093,141582,146668,132452,161940,176643,135866,147009,156046,130700,155917,176821,121336,146237,155566,129864,160925,175441,136043,141278,146877,131819,-,-,-,-,-,-,-,-,-,-,-,-,-,-,-,-,-,-,-,-,-,-,-,-,-,-,-,-,-,-,-,-,-,-,-,-
"10.Education (Won)",55322,47511,71302,44008,39221,54025,53744,44974,72190,45536,40266,56509,64985,58382,78660,52505,47062,63260,71322,60964,91340,55173,49657,65967,86367,76415,106058,66780,60909,78417,89538,82607,103050,68351,63534,77455,109484,98627,129709,69349,63432,80571,92716,86941,103259,69744,63901,80396,111622,103094,126650,79633,71654,94031,109109,100748,124268,81532,74530,94261,135945,122901,158689,95793,88297,108902,127618,117472,144869,100131,92695,112574,157920,148310,173847,111517,103533,125038,155332,143504,175333,113300,107749,122642,179774,170959,194002,121352,112855,135368,176222,167657,189890,111989,105043,123032,172855,159377,192159,106232,100131,114955,161880,150710,177061,106132,101321,112697,179927,172278,189677,114357,116974,110867,181702,172330,194012,119720,119969,119381,203910,208196,198207,130938,131813,129769,196546,184237,212907,133330,134718,131484,226076,219089,235171,140802,141377,140025,220750,212126,232147,142344,144069,140067,240215,240204,240229,147810,156783,135886,223171,222307,224306,142178,145607,137706,225887,232437,216590,165244,169970,158187,244807,238338,254112,167975,168848,166672,276892,278897,273951,169334,176125,159099,255191,254150,256687,168035,173508,159982,273903,288334,253593,175197,179161,169295,273286,276260,268964,185990,194280,173911,301440,309380,289983,185316,192436,174527,276569,278353,273943,186244,198316,168637,317733,327681,303864,202667,217530,180885,303850,315264,286755,199320,220574,167921,348781,380025,303330,236411,266099,191759,343658,379576,289439,230693,261247,183655,372891,412592,313791,242769,267833,205512,353594,376512,319343,235519,254719,205670,392789,423196,348813,245398,267381,210945,359970,387458,316415,232263,256086,196066,375060,408320,325426,238258,263680,198490,362594,385444,326355,239124,258795,207242,378946,408717,331621,238787,261342,201365,342170,370695,294125,235057,259972,193379,352801,385780,299784,239783,269581,189131,343840,371468,295350,232668,258997,186547,358997,385177,315896,239517,267032,190791,335216,356937,296589,229819,258570,178031,352604,393797,281661,237683,271534,176927,334795,367891,276105,236791,263130,189259,357470,410443,269838,239228,270200,184868,343870,388077,268095,240199,269892,190042,-,-,-,-,-,-,-,-,-,-,-,-,-,-,-,-,-,-,-,-,-,-,-,-,-,-,-,-,-,-,-,-,-,-,-,-
"11.Restaurants and hotels (Won)",45507,46980,42493,47896,48264,47125,51537,53331,47763,52433,53926,49323,53125,55132,48968,59353,61151,55800,65023,67788,59679,65451,67841,60774,68947,71776,63350,72832,74456,69613,76267,79298,70358,76112,77130,74187,77697,81172,71222,85380,87279,81777,92026,95022,86558,93555,94658,91543,97780,101373,91448,102658,105561,97422,110969,114452,104654,111583,116548,102558,113004,118408,103583,120870,123195,116806,134932,137516,130538,132353,135645,126843,139765,141606,136714,146153,150549,138708,149301,155731,138428,156482,159791,150912,158570,162704,151897,171903,175477,166006,173096,180878,160679,161235,165332,154721,125340,125735,124775,127638,130006,124251,126584,130471,121303,144941,154018,132552,139616,149536,126972,151394,160174,139689,156441,166881,142728,179726,192299,162593,176498,193436,153961,188835,200680,173002,194572,207015,178032,192917,203528,178796,187948,203279,167991,201130,211870,186626,212958,227977,193114,213975,231086,191397,206483,223572,184033,221819,235899,203108,223969,239902,203033,210650,226266,190284,218179,231907,198691,248179,261380,228470,256429,273622,231702,255279,269672,233804,248705,267839,220650,270232,287795,243760,270536,292440,239038,271024,292112,239991,254552,276795,223250,276152,294385,249011,270995,294480,236867,270450,292022,239017,260908,282684,229485,271557,290768,242444,275742,299399,240927,276474,302495,238524,265225,292834,226731,287281,312581,250202,289122,318033,245820,285941,314719,243426,282083,313934,235749,311133,342987,263224,305834,336033,260247,298090,325077,256544,260407,290832,215116,294719,325424,249076,294611,325585,248322,291745,318324,250426,281785,314483,234496,309587,336663,267154,303283,331075,259245,292312,322825,245950,280471,313113,231761,309320,340661,260291,320437,351704,270849,313756,342501,267166,303973,338695,248777,329452,358699,280927,329937,361295,277120,314057,342280,266842,301935,336157,246921,328700,362577,271112,345461,379681,285403,331499,362820,276632,318656,351490,264600,344442,377055,286689,360800,392243,304883,339237,371542,281046,332294,367520,271627,344590,377474,285571,361895,397918,298013,344031,378273,282237,339134,379527,272311,357876,396252,290521,366784,411872,289499,341148,384252,268337,-,-,-,-,-,-,-,-,-,-,-,-,-,-,-,-,-,-,-,-,-,-,-,-,-,-,-,-,-,-,-,-,-,-,-,-
"12.Other miscellaneous goods and services (Won)",44938,42971,48962,40377,38459,44392,37670,36148,40871,47723,45518,52315,50779,50398,51568,51812,50924,53567,48909,46354,53846,58708,58356,59398,66480,65146,69119,60865,58040,66465,55107,54662,55974,67847,67858,67827,70648,70868,70239,70442,69084,73019,64663,62980,67735,76448,72273,84059,81185,80161,82990,77601,78121,76665,71797,70832,73547,93227,94007,91809,91914,93800,88625,93484,90492,98716,84200,81600,88622,101022,97745,106506,108179,103094,116606,111196,113494,107305,93636,96635,88567,119306,118636,120433,112430,111137,114518,117849,115520,121691,105165,100593,112462,112205,109884,115895,110443,113996,105355,105045,109486,98694,86102,91575,78664,107559,106504,108997,109460,115375,101920,113674,115525,111207,91971,94276,88943,128341,120787,138632,116896,119215,113809,121597,118837,125286,112524,103789,124136,130839,137391,122119,125034,128462,120571,134041,137524,129337,118353,115233,122475,137289,142516,130393,136069,131250,142399,141873,147482,134418,130258,120432,143169,139660,148584,128021,144891,142719,147975,145520,145285,145870,130158,134154,124411,150405,149807,151297,161057,165382,154715,151180,149858,153174,141798,149017,131418,160511,159859,161469,169496,169782,169094,163824,162221,166210,149273,159407,134546,172331,177507,164788,175577,183317,164408,177078,186598,162651,158438,168160,144129,191391,196653,183717,182814,194880,165993,177349,184879,166313,178586,188033,164435,190359,199478,176888,192463,211199,165208,188275,198489,172912,175073,189048,153977,194628,208318,173552,177729,190691,158433,187698,208110,157355,180874,198601,154383,200558,213940,179755,200489,221224,170502,204765,216521,186341,199675,210898,181892,213911,228674,191481,211147,229374,183946,219938,239800,188867,206789,222487,181894,230074,253157,192662,231102,245628,208011,221096,228238,209248,209028,215952,197366,206761,216548,190389,201624,218588,174352,198203,210232,177756,195365,207864,173428,212519,222531,194980,221068,227838,209922,211926,228661,182290,208012,219551,187492,218507,223467,209572,226237,239402,203563,219723,234464,193267,198279,206769,183223,219659,229914,201152,225784,239594,202940,223823,234836,204492,215747,224993,199899,219693,228717,204451,-,-,-,-,-,-,-,-,-,-,-,-,-,-,-,-,-,-,-,-,-,-,-,-,-,-,-,-,-,-,-,-,-,-,-,-
"Non-consumption expenditures (Won)",139189,148696,119740,150277,153968,142552,134694,146314,110252,161574,169339,145408,154777,165999,131534,170976,175693,161656,166595,177542,145439,189645,199300,170750,193387,208028,164416,211244,224309,185352,199838,215667,168975,227072,243788,195477,213465,232446,178107,224269,231608,210346,211299,230515,176219,244341,256167,222780,246282,264194,214719,255135,270059,228204,252775,275779,211067,288847,308879,252430,298717,323654,255236,289329,304024,263634,267225,294221,221324,315659,334580,283998,313910,343502,264866,330993,354199,291693,303397,330719,257199,354074,386541,299423,357114,384182,313422,369154,389601,335425,314395,347600,261412,361933,383221,328084,342344,394740,267304,365065,408881,302416,310435,359486,243772,375142,419036,315231,354021,397444,298673,389960,422002,347242,340299,387181,278723,385243,424123,332263,361885,399925,311267,405274,436246,363878,349232,396943,285813,400729,432250,358782,388584,448072,311141,428389,471966,369535,392912,442002,328046,446063,492614,384642,429154,479213,363390,425681,470791,365737,421586,465517,363860,438943,492458,369152,436845,491929,358657,456110,510556,374819,461420,518203,379750,481258,528557,410691,481864,542835,392465,483542,536014,404451,498887,567384,400392,500226,556409,417551,504673,575746,404650,500526,563104,407376,518727,581865,426976,503882,566498,412646,532355,603689,429417,527708,587773,436685,542605,608134,446170,573499,652505,458272,570672,661218,444430,557272,629415,451544,603264,681479,486114,594769,685958,460054,620979,729990,462398,593530,691927,445536,653783,748997,510054,624517,718013,480578,659252,759803,509570,598672,690478,462203,631056,715877,504296,654243,754532,498331,703973,822815,532099,670042,755365,536325,713073,790816,589886,665207,746296,542000,748770,867542,571529,711251,809028,558291,763016,864538,602006,715272,806480,567442,805869,938363,595249,735075,835521,568421,811122,913865,638075,744730,837948,588788,811584,942459,601193,763555,869529,583412,823383,918674,656138,770867,871222,595068,850018,988487,622052,777623,897833,564751,848153,954407,659193,767501,882973,559503,862250,1005016,616379,799327,911618,597792,851479,961155,656985,785848,897294,584730,864079,1008631,624950,796971,919011,582773,850559,973743,639413,779005,910114,557536,844676,1000256,587681,816088,920572,631837,878088,993437,679027,870423,994782,659556,1008650,1213689,710670,955160,1124391,700712,1088725,1260280,832396,965731,1146411,695918,1089660,1297177,790278,1034403,1210927,765016,1170968,1356798,888363,1071074,1257064,783300
"Disposable Income (Won)",741310,741402,741119,743291,739939,750304,820374,831728,796491,861822,861362,862781,882581,890633,865902,931998,940848,914514,1043250,1057741,1015244,1052035,1055306,1045634,1088029,1095127,1073986,1083235,1075983,1097606,1174008,1197349,1128498,1174806,1192396,1141559,1185889,1209463,1141976,1149397,1161676,1126105,1274646,1291897,1243153,1275941,1282002,1264892,1328721,1346181,1297954,1340062,1345430,1330376,1446851,1470781,1403463,1474482,1489085,1447934,1501388,1531983,1448040,1494681,1486969,1508167,1660578,1680756,1626271,1656673,1653155,1662559,1734852,1759522,1693967,1689930,1684949,1698364,1850674,1927012,1721594,1804366,1823964,1771375,1870319,1911157,1804398,1801240,1822677,1765879,1967317,2049938,1835480,1801951,1830153,1757110,1708365,1858157,1493837,1572746,1706645,1381298,1583312,1739205,1371444,1614217,1736396,1447457,1636353,1858745,1352892,1557809,1711146,1353384,1697499,1893738,1439749,1765528,1913686,1563647,1800607,1966744,1579537,1785115,1922111,1602014,1901930,2064164,1686281,1878329,2022152,1686934,1956923,2157039,1696410,1896942,2048350,1692453,2113739,2319630,1841682,2081056,2278448,1820610,2162765,2358620,1905466,2125513,2308132,1882839,2216655,2436668,1927556,2147085,2363150,1865306,2226422,2401671,1977665,2181394,2336190,1950280,2298604,2510675,1993584,2305332,2484762,2037631,2364521,2574547,2056573,2305486,2450572,2086797,2442475,2681509,2098756,2396350,2598323,2099141,2484801,2745266,2118242,2402752,2563945,2162802,2474554,2726618,2108258,2502162,2736382,2160881,2596975,2868250,2205509,2503675,2735854,2151838,2556978,2848241,2128342,2646329,2935510,2224568,2731901,3097418,2222284,2591553,2854188,2206653,2738223,3064903,2248926,2744403,3045088,2300197,2910705,3316161,2320881,2799253,3104020,2340868,2921263,3274601,2387881,2839109,3149946,2360572,2865572,3249910,2293434,2727603,3013541,2302563,2852961,3184743,2357128,2911397,3157782,2528361,3071149,3389137,2611264,2913870,3133549,2569589,2990340,3251278,2576878,2984236,3246561,2585655,3164991,3519720,2635635,3050652,3282524,2687916,3183453,3470752,2727803,3221447,3469585,2819270,3372598,3743874,2782399,3258785,3477574,2895787,3376610,3669901,2882630,3392287,3679492,2911828,3426202,3841716,2758230,3312673,3577884,2861845,3479304,3818679,2883667,3438783,3745397,2901665,3592158,3986130,2943551,3409314,3651718,2980057,3574684,3883256,3025928,3519523,3814749,2987734,3687615,4075487,3019620,3505054,3754147,3057995,3588193,3921508,2997108,3548699,3820200,3058747,3726741,4163926,3003514,3545812,3829982,3047055,3613623,3975239,2993787,3556575,3885331,3001246,3820358,4317554,2999062,3564310,3813115,3125562,3703091,4074377,3062355,3601823,3896268,3102552,3846206,4456541,2959213,3664248,4043292,3094334,3755060,4234870,3038150,3720209,4127782,3111573,3828059,4362961,3056361,3767916,4163540,3164164,3812978,4333842,3020864,3809874,4237622,3148039
"Surplus (Won)",159713,182063,113989,176608,200478,126662,213102,248412,138830,204868,226476,159880,219253,249296,157024,249788,285200,179824,294960,335241,217111,269028,292330,223428,280704,308602,225503,290352,300942,269365,339928,380359,261096,303488,344904,225205,305238,341080,238471,288564,319029,230773,368081,405452,299858,338091,379646,262334,338670,384853,257293,395092,415389,358468,426068,458458,367342,394124,426138,335926,396603,438760,323097,428493,458476,376064,513522,560268,434039,474044,498903,432448,454171,505385,369295,464370,472866,449982,585897,681373,424458,498652,538512,431557,510420,582297,394396,493135,546190,405624,605500,698562,457005,510693,557943,435566,491237,646818,268419,465464,589190,288561,434696,586066,228976,380128,489805,230432,313146,509007,63500,279123,416207,96367,367436,546636,132066,360206,489594,183900,290929,432355,102739,367149,483707,211365,387539,556212,163331,384956,503685,226956,360761,533483,135909,362640,498241,179501,476476,659939,234054,447224,604290,239985,436547,603004,217870,479725,624363,287522,517975,716916,256565,539036,700070,329025,454100,583178,270879,472086,574456,319244,513811,688983,261864,543520,703146,305368,441606,594480,217458,535046,643253,371945,572550,764350,296752,564934,718105,339540,483161,666763,224773,564487,686784,382438,519501,701343,255253,594713,770256,338930,516589,705745,243625,584028,767635,305794,579089,798177,256667,625272,832737,322691,583232,837688,228458,610788,793078,343638,634211,853013,306491,681076,883450,382106,621569,872848,256028,685688,850766,437403,718335,936272,389348,719851,912926,422611,691288,924242,344507,633708,786507,406576,630739,831702,330410,666259,784734,482073,708565,858137,492248,671701,789924,486421,649108,799974,410058,660430,804475,441568,711365,908406,417325,739148,838744,583343,728075,894213,464585,831183,947338,642920,778106,973307,467804,844307,906881,740488,877722,1034861,613060,956044,1112182,694846,855254,1091383,475659,889837,987083,724530,948248,1144204,604325,932296,1095315,646723,921743,1147339,550340,906033,975551,782929,982062,1125384,727181,1007122,1149577,750516,1015828,1200456,697860,995418,1113285,783877,1008630,1189513,687860,995559,1144597,726606,1046917,1281092,659526,1018038,1150558,785448,1011321,1203918,681197,1063353,1230051,781770,-,-,-,-,-,-,-,-,-,-,-,-,-,-,-,-,-,-,-,-,-,-,-,-,-,-,-,-,-,-,-,-,-,-,-,-
"Surplus over disposable income (%)",21.5,24.6,15.4,23.8,27.1,16.9,26.0,29.9,17.4,23.8,26.3,18.5,24.8,28.0,18.1,26.8,30.3,19.7,28.3,31.7,21.4,25.6,27.7,21.4,25.8,28.2,21.0,26.8,28.0,24.5,29.0,31.8,23.1,25.8,28.9,19.7,25.7,28.2,20.9,25.1,27.5,20.5,28.9,31.4,24.1,26.5,29.6,20.7,25.5,28.6,19.8,29.5,30.9,26.9,29.4,31.2,26.2,26.7,28.6,23.2,26.4,28.6,22.3,28.7,30.8,24.9,30.9,33.3,26.7,28.6,30.2,26.0,26.2,28.7,21.8,27.5,28.1,26.5,31.7,35.4,24.7,27.6,29.5,24.4,27.3,30.5,21.9,27.4,30.0,23.0,30.8,34.1,24.9,28.3,30.5,24.8,28.8,34.8,18.0,29.6,34.5,20.9,27.5,33.7,16.7,23.5,28.2,15.9,19.1,27.4,4.7,17.9,24.3,7.1,21.6,28.9,9.2,20.4,25.6,11.8,16.2,22.0,6.5,20.6,25.2,13.2,20.4,26.9,9.7,20.5,24.9,13.5,18.4,24.7,8.0,19.1,24.3,10.6,22.5,28.5,12.7,21.5,26.5,13.2,20.2,25.6,11.4,22.6,27.1,15.3,23.4,29.4,13.3,25.1,29.6,17.6,20.4,24.3,13.7,21.6,24.6,16.4,22.4,27.4,13.1,23.6,28.3,15.0,18.7,23.1,10.6,23.2,26.2,17.8,23.4,28.5,14.1,23.6,27.6,16.2,19.4,24.3,10.6,23.5,26.8,17.7,21.0,25.7,12.1,23.8,28.1,15.7,19.9,24.6,11.0,23.3,28.1,14.2,22.6,28.0,12.1,23.6,28.4,14.5,21.3,27.0,10.3,23.6,27.8,15.6,23.2,27.8,13.6,24.8,29.0,16.6,21.4,26.3,11.0,24.5,27.4,18.7,24.6,28.6,16.3,25.4,29.0,17.9,24.1,28.4,15.0,23.2,26.1,17.7,22.1,26.1,14.0,22.9,24.9,19.1,23.1,25.3,18.9,23.1,25.2,18.9,21.7,24.6,15.9,22.1,24.8,17.1,22.5,25.8,15.8,24.2,25.6,21.7,22.9,25.8,17.0,25.8,27.3,22.8,23.1,26.0,16.8,25.9,26.1,25.6,26.0,28.2,21.3,28.2,30.2,23.9,25.0,28.4,17.2,26.9,27.6,25.3,27.3,30.0,21.0,27.1,29.2,22.3,25.7,28.8,18.7,26.6,26.7,26.3,27.5,29.0,24.0,28.6,30.1,25.1,27.5,29.5,23.1,28.4,29.7,25.6,28.1,30.3,23.0,28.1,30.0,23.8,28.1,30.8,22.0,28.7,30.0,25.8,28.0,30.3,22.8,29.9,31.7,26.0,-,-,-,-,-,-,-,-,-,-,-,-,-,-,-,-,-,-,-,-,-,-,-,-,-,-,-,-,-,-,-,-,-,-,-,-
"Propensity to income (%)",78.5,75.4,84.6,76.2,72.9,83.1,74.0,70.1,82.6,76.2,73.7,81.5,75.2,72.0,81.9,73.2,69.7,80.3,71.7,68.3,78.6,74.4,72.3,78.6,74.2,71.8,79.0,73.2,72.0,75.5,71.0,68.2,76.9,74.2,71.1,80.3,74.3,71.8,79.1,74.9,72.5,79.5,71.1,68.6,75.9,73.5,70.4,79.3,74.5,71.4,80.2,70.5,69.1,73.1,70.6,68.8,73.8,73.3,71.4,76.8,73.6,71.4,77.7,71.3,69.2,75.1,69.1,66.7,73.3,71.4,69.8,74.0,73.8,71.3,78.2,72.5,71.9,73.5,68.3,64.6,75.3,72.4,70.5,75.6,72.7,69.5,78.1,72.6,70.0,77.0,69.2,65.9,75.1,71.7,69.5,75.2,71.2,65.2,82.0,70.4,65.5,79.1,72.5,66.3,83.3,76.5,71.8,84.1,80.9,72.6,95.3,82.1,75.7,92.9,78.4,71.1,90.8,79.6,74.4,88.2,83.8,78.0,93.5,79.4,74.8,86.8,79.6,73.1,90.3,79.5,75.1,86.5,81.6,75.3,92.0,80.9,75.7,89.4,77.5,71.6,87.3,78.5,73.5,86.8,79.8,74.4,88.6,77.4,72.9,84.7,76.6,70.6,86.7,74.9,70.4,82.4,79.6,75.7,86.3,78.4,75.4,83.6,77.6,72.6,86.9,76.4,71.7,85.0,81.3,76.9,89.4,76.8,73.8,82.2,76.6,71.5,85.9,76.4,72.4,83.8,80.6,75.7,89.4,76.5,73.2,82.3,79.0,74.3,87.9,76.2,71.9,84.3,80.1,75.4,89.0,76.7,71.9,85.8,77.4,72.0,87.9,76.4,71.6,85.5,78.7,73.0,89.7,76.4,72.2,84.4,76.8,72.2,86.4,75.2,71.0,83.4,78.6,73.7,89.0,75.5,72.6,81.3,75.4,71.4,83.7,74.6,71.0,82.1,75.9,71.6,85.0,76.8,73.9,82.3,77.9,73.9,86.0,77.1,75.1,80.9,76.9,74.7,81.1,76.9,74.8,81.1,78.3,75.4,84.1,77.9,75.2,82.9,77.5,74.2,84.2,75.8,74.4,78.3,77.1,74.2,83.0,74.2,72.7,77.2,76.9,74.0,83.2,74.1,73.9,74.4,74.0,71.8,78.7,71.8,69.8,76.1,75.0,71.6,82.8,73.1,72.4,74.7,72.7,70.0,79.0,72.9,70.8,77.7,74.3,71.2,81.3,73.4,73.3,73.7,72.5,71.0,76.0,71.4,69.9,74.9,72.5,70.5,76.9,71.6,70.3,74.4,71.9,69.7,77.0,71.9,70.0,76.2,71.9,69.2,78.0,71.3,70.0,74.2,72.0,69.7,77.2,70.1,68.3,74.0,-,-,-,-,-,-,-,-,-,-,-,-,-,-,-,-,-,-,-,-,-,-,-,-,-,-,-,-,-,-,-,-,-,-,-,-
