"Region","By Housing Type","By Housing Size",2007.12,2008.01,2008.02,2008.03,2008.04,2008.05,2008.06,2008.07,2008.08,2008.09,2008.10,2008.11,2008.12,2009.01,2009.02,2009.03,2009.04,2009.05,2009.06,2009.07,2009.08,2009.09,2009.10,2009.11,2009.12,2010.01,2010.02,2010.03,2010.04,2010.05,2010.06,2010.07,2010.08,2010.09,2010.10,2010.11,2010.12,2011.01,2011.02,2011.03,2011.04,2011.05,2011.06,2011.07,2011.08,2011.09,2011.10,2011.11,2011.12,2012.01,2012.02,2012.03,2012.04,2012.05,2012.06,2012.07,2012.08,2012.09,2012.10,2012.11,2012.12
"Whole Country","Total","Large",99.3,99.4,99.5,99.9,100.1,100.3,100.5,100.6,100.6,100.6,100.3,99.6,98.6,97.8,97.5,97.2,97.2,97.3,97.5,97.8,97.9,98.3,98.5,98.7,98.7,98.8,98.9,99.0,99.0,98.8,98.5,98.2,97.9,97.8,97.9,98.0,98.2,98.5,98.9,99.3,99.6,99.8,100.0,100.1,100.2,100.4,100.5,100.6,100.6,100.5,100.5,100.3,100.1,100.0,99.8,99.5,99.2,98.8,98.4,98.1,97.9
"Whole Country","Total","Medium",90.5,90.6,90.8,91.3,91.9,92.3,92.7,93.0,93.1,93.3,93.2,92.8,92.1,91.4,91.2,91.0,91.0,91.2,91.4,91.7,91.9,92.6,92.9,93.2,93.3,93.5,93.8,94.0,94.2,94.2,94.3,94.2,94.2,94.3,94.5,94.9,95.4,95.9,96.7,97.7,98.6,99.4,100.0,100.5,101.0,101.6,102.0,102.4,102.6,102.7,102.9,103.1,103.2,103.2,103.2,103.0,102.9,102.7,102.6,102.5,102.4
"Whole Country","Total","Small",85.9,86.3,86.7,87.7,89.0,89.8,90.6,91.2,91.5,91.8,91.9,91.7,91.1,90.7,90.5,90.4,90.5,90.6,90.8,91.1,91.5,92.3,92.7,93.0,93.1,93.3,93.6,93.9,94.1,94.2,94.3,94.3,94.3,94.4,94.6,95.0,95.4,95.9,96.7,97.8,98.7,99.5,100.0,100.5,101.1,101.7,102.2,102.7,102.9,103.2,103.4,103.7,103.9,104.0,104.1,104.0,104.0,103.9,103.9,103.9,103.9
"Whole Country","Apartments","Large",102.1,102.1,102.1,102.1,102.3,102.4,102.4,102.3,102.1,102.0,101.5,100.5,99.1,98.2,97.8,97.3,97.3,97.4,97.6,97.9,98.1,98.6,98.8,99.0,99.0,99.1,99.2,99.3,99.1,98.9,98.4,97.9,97.5,97.3,97.4,97.5,97.8,98.1,98.6,99.2,99.6,99.8,100.0,100.1,100.2,100.4,100.5,100.5,100.4,100.3,100.2,99.9,99.6,99.4,99.1,98.6,98.3,97.6,97.1,96.7,96.4
"Whole Country","Apartments","Medium",90.5,90.6,90.7,91.0,91.5,91.9,92.2,92.4,92.5,92.6,92.5,92.0,91.2,90.5,90.3,90.0,90.1,90.2,90.4,90.7,91.0,91.7,92.0,92.3,92.4,92.6,92.9,93.1,93.3,93.4,93.3,93.2,93.2,93.3,93.6,94.0,94.6,95.2,96.1,97.2,98.4,99.3,100.0,100.5,101.2,101.8,102.3,102.8,103.0,103.2,103.4,103.5,103.6,103.6,103.6,103.4,103.2,103.1,102.8,102.7,102.6
"Whole Country","Apartments","Small",82.0,82.3,82.7,83.6,85.0,85.8,86.6,87.1,87.3,87.6,87.7,87.4,86.8,86.3,86.1,86.0,86.1,86.2,86.4,86.7,87.1,88.0,88.5,88.9,89.1,89.2,89.7,90.1,90.3,90.5,90.6,90.7,90.8,91.0,91.3,92.0,92.7,93.4,94.7,96.4,97.8,99.1,100.0,100.8,101.8,102.7,103.5,104.4,104.7,105.1,105.4,105.8,106.2,106.3,106.4,106.3,106.3,106.2,106.2,106.2,106.2
"Seoul","Total","Large",-,-,-,101.5,102.2,102.6,102.9,103.1,103.1,103.2,102.9,102.3,100.8,99.9,99.9,99.6,99.8,99.9,100.4,101.0,101.4,102.1,102.4,102.4,102.4,102.5,102.8,102.7,102.6,102.1,101.7,101.1,100.6,100.4,100.3,100.1,100.1,100.2,100.3,100.4,100.3,100.2,100.0,99.8,99.6,99.4,99.2,98.9,98.7,98.5,98.3,98.0,97.4,97.1,96.8,96.1,95.6,94.9,94.3,93.8,93.4
"Seoul","Total","Medium",95.4,95.9,96.4,97.4,98.5,99.3,100.1,100.4,100.6,100.7,100.6,100.1,98.9,98.1,98.0,97.8,98.0,98.1,98.4,99.1,99.5,100.6,101.0,101.1,101.1,101.1,101.3,101.4,101.3,101.1,100.7,100.3,99.9,99.7,99.5,99.4,99.5,99.6,99.9,100.0,100.1,100.1,100.0,99.9,99.8,99.8,99.7,99.6,99.4,99.3,99.2,99.0,98.7,98.5,98.3,97.8,97.5,97.1,96.6,96.3,96.0
"Seoul","Total","Small",88.5,89.3,90.2,92.3,94.8,96.0,96.8,97.4,97.6,97.9,97.8,97.4,96.2,95.8,95.7,95.6,95.8,96.0,96.4,97.1,97.7,99.1,99.6,99.7,99.7,99.9,100.1,100.2,100.2,100.0,99.8,99.5,99.3,99.2,99.1,99.1,99.2,99.3,99.6,99.9,100.0,100.0,100.0,100.0,100.0,100.0,100.0,100.0,100.0,100.0,99.9,99.9,99.7,99.7,99.6,99.3,99.1,98.8,98.6,98.4,98.3
"Seoul","Apartments","Large",105.1,105.1,105.2,105.4,105.9,106.0,106.0,105.9,105.8,105.6,105.0,103.8,101.4,100.4,100.4,100.0,100.3,100.4,101.0,101.7,102.1,102.8,103.1,103.1,103.0,103.2,103.5,103.3,103.1,102.7,102.0,101.4,100.9,100.6,100.4,100.2,100.2,100.3,100.4,100.5,100.4,100.2,100.0,99.8,99.5,99.3,99.1,98.7,98.5,98.2,98.0,97.6,97.0,96.6,96.2,95.5,94.9,94.0,93.3,92.8,92.3
"Seoul","Apartments","Medium",98.0,98.2,98.5,99.3,100.4,101.1,101.5,101.7,101.7,101.7,101.5,100.7,99.2,98.3,98.3,98.0,98.4,98.5,98.9,99.7,100.2,101.3,101.6,101.6,101.6,101.6,101.9,101.9,101.8,101.5,101.0,100.6,100.1,99.9,99.7,99.6,99.7,99.8,100.1,100.2,100.2,100.1,100.0,99.9,99.8,99.6,99.6,99.4,99.2,99.0,98.9,98.6,98.3,98.0,97.7,97.2,96.8,96.2,95.7,95.3,94.9
"Seoul","Apartments","Small",89.2,90.1,91.1,93.7,97.3,98.7,99.6,100.1,100.2,100.3,100.0,99.2,97.7,96.9,96.5,96.4,96.8,97.0,97.6,98.7,99.3,100.9,101.4,101.3,101.3,101.4,101.7,101.7,101.4,101.0,100.4,99.8,99.5,99.2,99.0,99.0,99.1,99.4,99.8,100.1,100.1,100.1,100.0,99.9,99.8,99.8,99.7,99.6,99.5,99.4,99.4,99.2,98.9,98.7,98.5,98.0,97.6,97.0,96.5,96.3,96.0
"6 Large Cities","Total","Large",92.8,92.8,92.9,93.1,93.2,93.4,93.5,93.6,93.6,93.7,93.7,93.5,93.1,92.6,92.2,92.0,91.8,91.9,92.0,92.0,92.2,92.5,92.7,93.1,93.3,93.4,93.7,93.9,94.2,94.4,94.4,94.4,94.4,94.5,94.9,95.4,95.7,96.3,97.0,97.9,98.7,99.3,100.0,100.6,101.2,101.8,102.2,102.6,102.7,102.8,102.9,103.0,103.0,103.1,103.0,102.9,102.9,102.8,102.6,102.5,102.5
"6 Large Cities","Total","Medium",84.2,84.3,84.4,84.7,85.1,85.4,85.8,86.1,86.3,86.5,86.5,86.5,86.1,85.7,85.4,85.3,85.2,85.3,85.4,85.5,85.7,86.3,86.6,87.1,87.5,87.8,88.2,88.6,89.1,89.5,89.8,90.0,90.2,90.6,91.1,91.8,92.5,93.3,94.6,96.0,97.5,98.8,100.0,100.9,101.9,102.9,103.5,104.3,104.7,105.0,105.4,105.9,106.2,106.4,106.5,106.5,106.6,106.5,106.5,106.6,106.6
"6 Large Cities","Total","Small",83.2,83.3,83.5,84.0,84.7,85.4,86.2,86.8,87.2,87.6,87.8,87.8,87.6,87.3,87.1,87.1,87.1,87.1,87.2,87.3,87.6,88.2,88.6,89.0,89.2,89.4,89.8,90.2,90.6,90.9,91.1,91.2,91.4,91.6,92.0,92.7,93.3,93.9,95.1,96.6,97.9,99.2,100.0,100.8,101.5,102.4,103.1,103.9,104.1,104.5,104.9,105.3,105.7,105.9,106.0,106.1,106.1,106.2,106.3,106.4,106.4
"6 Large Cities","Apartments","Large",91.8,91.8,91.8,92.0,92.0,92.3,92.3,92.4,92.5,92.6,92.6,92.4,92.0,91.5,91.2,90.8,90.7,90.7,90.8,90.8,91.0,91.3,91.6,92.0,92.3,92.4,92.7,93.1,93.3,93.5,93.6,93.5,93.5,93.6,94.0,94.5,95.0,95.7,96.4,97.5,98.4,99.3,100.0,100.6,101.3,102.0,102.4,102.9,103.0,103.0,103.1,103.1,103.2,103.2,103.1,102.9,102.8,102.6,102.4,102.2,102.2
"6 Large Cities","Apartments","Medium",82.9,83.0,83.1,83.3,83.7,84.0,84.2,84.5,84.6,84.9,84.9,84.9,84.4,84.0,83.8,83.6,83.5,83.6,83.7,83.9,84.1,84.7,85.1,85.7,86.0,86.3,86.9,87.3,87.8,88.2,88.5,88.7,88.9,89.4,89.9,90.7,91.5,92.5,93.9,95.4,97.2,98.7,100.0,101.1,102.1,103.2,103.9,104.8,105.2,105.5,105.9,106.3,106.7,106.9,106.9,106.9,106.9,106.9,106.8,106.9,106.9
"6 Large Cities","Apartments","Small",76.9,77.0,77.2,77.6,78.3,78.8,79.4,79.8,80.0,80.4,80.6,80.6,80.4,80.2,80.0,79.9,79.9,79.9,80.1,80.2,80.5,81.3,81.8,82.4,82.8,83.0,83.6,84.2,84.8,85.3,85.6,85.7,86.1,86.5,87.1,88.1,89.2,90.1,92.0,94.2,96.5,98.7,100.0,101.2,102.5,103.7,104.7,106.0,106.4,107.0,107.4,108.1,108.6,108.8,108.9,108.9,108.9,109.1,109.2,109.4,109.5
"Seoul Metropolitan Area","Total","Large",104.2,104.4,104.7,105.1,105.5,105.8,106.1,106.2,106.2,106.1,105.7,104.7,103.2,102.2,101.9,101.5,101.5,101.6,101.9,102.4,102.6,103.1,103.3,103.3,103.3,103.3,103.4,103.3,103.1,102.6,101.9,101.1,100.6,100.3,100.2,100.0,100.0,100.1,100.3,100.4,100.3,100.2,100.0,99.8,99.6,99.4,99.2,99.0,98.8,98.5,98.3,97.9,97.4,97.1,96.7,96.2,95.7,95.0,94.3,93.8,93.5
"Seoul Metropolitan Area","Total","Medium",97.6,98.0,98.3,99.2,100.2,100.9,101.7,102.3,102.4,102.6,102.4,101.6,100.4,99.5,99.2,98.9,99.0,99.2,99.5,100.0,100.4,101.2,101.6,101.6,101.5,101.5,101.6,101.6,101.5,101.2,100.6,100.1,99.7,99.5,99.3,99.3,99.3,99.4,99.7,100.0,100.1,100.0,100.0,99.9,99.9,99.9,99.9,99.7,99.6,99.4,99.3,99.1,98.9,98.6,98.4,98.0,97.7,97.3,96.9,96.5,96.3
"Seoul Metropolitan Area","Total","Small",89.4,90.1,90.8,92.7,94.8,96.3,97.6,98.6,99.0,99.4,99.4,98.9,98.0,97.4,97.1,96.9,97.1,97.2,97.5,97.9,98.5,99.6,100.0,100.1,100.0,100.1,100.2,100.4,100.3,100.1,99.8,99.5,99.2,99.0,98.9,98.9,99.0,99.1,99.4,99.8,99.9,100.0,100.0,100.0,100.1,100.2,100.1,100.1,100.0,99.9,99.9,99.8,99.6,99.5,99.4,99.1,98.9,98.6,98.4,98.2,98.0
"Seoul Metropolitan Area","Apartments","Large",110.3,110.2,110.2,110.2,110.4,110.5,110.4,110.2,109.9,109.7,108.9,107.2,105.1,103.9,103.5,102.9,102.9,103.0,103.3,103.9,104.2,104.7,104.8,104.8,104.7,104.7,104.8,104.6,104.2,103.6,102.6,101.6,100.9,100.5,100.4,100.2,100.1,100.3,100.4,100.5,100.4,100.2,100.0,99.7,99.4,99.1,99.0,98.7,98.4,98.1,97.8,97.4,96.7,96.3,95.8,95.2,94.6,93.7,92.8,92.2,91.8
"Seoul Metropolitan Area","Apartments","Medium",101.0,101.2,101.4,102.0,102.9,103.5,104.0,104.3,104.3,104.4,104.1,103.1,101.7,100.7,100.3,99.9,99.9,100.2,100.5,100.9,101.3,102.2,102.5,102.4,102.3,102.3,102.4,102.3,102.1,101.7,101.0,100.3,99.8,99.6,99.4,99.3,99.3,99.4,99.7,100.0,100.1,100.1,100.0,99.9,99.8,99.8,99.7,99.6,99.5,99.3,99.1,98.9,98.6,98.3,98.0,97.7,97.3,96.9,96.3,95.9,95.6
"Seoul Metropolitan Area","Apartments","Small",90.9,91.5,92.3,94.1,96.8,98.4,99.7,100.5,100.7,101.1,101.1,100.3,99.1,98.2,97.8,97.5,97.5,97.7,98.1,98.6,99.1,100.4,100.8,100.8,100.7,100.7,100.8,100.9,100.7,100.3,99.7,99.2,98.8,98.6,98.4,98.4,98.6,98.7,99.2,99.7,99.9,99.9,100.0,100.0,100.1,100.3,100.4,100.4,100.3,100.2,100.2,100.1,99.9,99.8,99.6,99.3,99.1,98.6,98.3,98.0,97.8
"Gyeonggi-do","Total","Large",108.3,108.2,108.3,108.7,108.8,109.0,109.2,109.3,109.1,108.9,108.2,106.7,105.0,103.8,103.2,102.8,102.8,102.9,103.0,103.5,103.6,104.0,104.1,104.1,103.9,103.8,103.8,103.8,103.5,102.9,102.0,101.0,100.4,100.1,99.9,99.9,99.8,100.0,100.2,100.3,100.3,100.1,100.0,99.8,99.6,99.4,99.3,99.2,99.0,98.7,98.5,98.1,97.6,97.3,96.9,96.4,96.0,95.2,94.5,94.0,93.8
"Gyeonggi-do","Total","Medium",101.6,101.6,101.9,102.5,103.0,103.4,103.9,104.3,104.2,104.2,103.9,102.7,101.3,100.3,99.7,99.4,99.5,99.8,100.2,100.6,101.0,101.6,102.0,102.0,101.8,101.7,101.7,101.7,101.6,101.1,100.5,99.7,99.3,99.1,99.0,98.9,98.9,99.1,99.4,99.8,100.0,100.0,100.0,100.0,100.1,100.2,100.2,100.2,100.1,99.9,99.8,99.6,99.4,99.2,98.9,98.6,98.3,98.0,97.6,97.2,97.0
"Gyeonggi-do","Total","Small",91.7,92.3,92.9,94.6,96.4,97.8,99.1,100.0,100.2,100.5,100.4,99.6,98.6,97.8,97.4,97.1,97.2,97.4,97.6,98.0,98.5,99.4,99.8,99.8,99.7,99.7,99.8,99.9,99.9,99.7,99.3,98.9,98.4,98.3,98.2,98.2,98.3,98.5,98.9,99.5,99.7,99.9,100.0,100.1,100.3,100.6,100.7,100.7,100.7,100.6,100.6,100.5,100.4,100.3,100.2,99.9,99.8,99.5,99.3,99.1,99.0
"Gyeonggi-do","Apartments","Large",116.0,115.8,115.6,115.5,115.3,115.3,115.2,114.8,114.4,113.9,112.8,110.5,108.5,106.9,106.1,105.3,105.2,105.4,105.5,106.1,106.1,106.5,106.6,106.5,106.3,106.2,106.1,105.9,105.2,104.3,103.0,101.6,100.8,100.3,100.2,100.0,99.9,100.1,100.3,100.5,100.4,100.2,100.0,99.7,99.4,99.1,99.0,98.8,98.4,98.1,97.9,97.3,96.6,96.2,95.7,95.0,94.5,93.5,92.6,91.9,91.6
"Gyeonggi-do","Apartments","Medium",104.7,104.7,104.8,105.1,105.6,106.0,106.3,106.5,106.4,106.3,105.9,104.5,103.1,101.9,101.2,100.8,100.6,101.0,101.3,101.6,102.0,102.7,103.0,102.9,102.7,102.6,102.6,102.5,102.2,101.7,100.8,99.9,99.3,99.1,98.9,98.8,98.8,99.0,99.4,99.8,100.0,100.0,100.0,100.0,100.0,100.1,100.1,100.0,99.9,99.7,99.7,99.5,99.2,98.9,98.7,98.4,98.1,97.7,97.2,96.8,96.5
"Gyeonggi-do","Apartments","Small",92.4,92.9,93.4,94.9,96.9,98.5,99.8,100.5,100.8,101.2,101.1,100.1,99.0,98.0,97.6,97.1,97.0,97.1,97.4,97.8,98.3,99.4,99.8,99.8,99.7,99.6,99.7,99.7,99.6,99.2,98.7,98.3,97.8,97.6,97.5,97.5,97.7,97.9,98.5,99.2,99.6,99.8,100.0,100.1,100.4,100.9,101.2,101.3,101.3,101.3,101.3,101.4,101.3,101.2,101.2,101.0,100.8,100.4,100.2,100.0,99.9
"Gangwon-do","Total","Large",-,-,-,-,-,-,-,-,-,-,-,-,-,-,-,-,-,-,-,-,-,-,-,-,-,-,-,-,-,-,-,-,-,-,-,-,-,-,-,-,-,-,100.0,100.6,101.4,102.3,102.7,103.1,103.5,103.7,104.1,104.3,104.6,105.2,105.6,105.7,105.8,105.8,105.7,105.8,105.8
"Gangwon-do","Total","Medium",-,-,-,-,-,-,-,-,-,-,-,-,-,-,-,-,-,-,-,-,-,-,-,-,-,-,-,-,-,-,-,-,-,-,-,-,-,-,-,-,-,-,100.0,101.8,105.5,107.4,109.1,110.3,110.7,111.0,111.4,112.0,112.3,112.6,112.6,112.7,112.6,112.3,112.2,112.1,112.0
"Gangwon-do","Total","Small",-,-,-,-,-,-,-,-,-,-,-,-,-,-,-,-,-,-,-,-,-,-,-,-,-,-,-,-,-,-,-,-,-,-,-,-,-,-,-,-,-,-,100.0,101.3,104.1,105.7,107.0,108.4,109.3,110.1,110.5,111.1,111.5,111.7,112.0,112.0,111.8,111.6,111.6,111.5,111.4
"Gangwon-do","Apartments","Large",-,-,-,-,-,-,-,-,-,-,-,-,-,-,-,-,-,-,-,-,-,-,-,-,-,-,-,-,-,-,-,-,-,-,-,-,-,-,-,-,-,-,100.0,101.3,103.2,104.9,105.3,105.5,105.6,105.7,105.9,106.0,106.5,106.8,107.0,107.0,107.0,106.9,106.7,106.6,106.6
"Gangwon-do","Apartments","Medium",-,-,-,-,-,-,-,-,-,-,-,-,-,-,-,-,-,-,-,-,-,-,-,-,-,-,-,-,-,-,-,-,-,-,-,-,-,-,-,-,-,-,100.0,102.1,107.4,109.3,110.9,112.4,112.8,113.2,113.8,114.5,115.0,115.2,115.3,115.4,115.3,115.0,114.9,114.8,114.7
"Gangwon-do","Apartments","Small",-,-,-,-,-,-,-,-,-,-,-,-,-,-,-,-,-,-,-,-,-,-,-,-,-,-,-,-,-,-,-,-,-,-,-,-,-,-,-,-,-,-,100.0,101.7,106.8,108.8,110.3,112.1,113.2,114.5,115.1,116.0,116.5,116.7,116.9,116.9,116.7,116.5,116.4,116.3,116.2
"Chungcheongbuk-do","Total","Large",-,-,-,-,-,-,-,-,-,-,-,-,-,-,-,-,-,-,-,-,-,-,-,-,-,-,-,-,-,-,-,-,-,-,-,-,-,-,-,-,-,-,100.0,100.4,100.9,101.5,101.9,102.2,102.3,102.5,102.8,102.9,103.1,103.4,103.6,103.9,104.2,104.4,104.6,104.8,104.9
"Chungcheongbuk-do","Total","Medium",-,-,-,-,-,-,-,-,-,-,-,-,-,-,-,-,-,-,-,-,-,-,-,-,-,-,-,-,-,-,-,-,-,-,-,-,-,-,-,-,-,-,100.0,102.1,103.8,106.1,107.4,108.4,109.3,109.9,110.4,111.0,111.5,111.9,112.0,112.4,112.8,113.3,113.9,114.2,114.5
"Chungcheongbuk-do","Total","Small",-,-,-,-,-,-,-,-,-,-,-,-,-,-,-,-,-,-,-,-,-,-,-,-,-,-,-,-,-,-,-,-,-,-,-,-,-,-,-,-,-,-,100.0,101.8,103.3,105.1,106.4,107.4,108.1,108.8,109.3,109.9,110.7,111.3,111.7,112.4,112.8,113.3,113.9,114.2,114.4
"Chungcheongbuk-do","Apartments","Large",-,-,-,-,-,-,-,-,-,-,-,-,-,-,-,-,-,-,-,-,-,-,-,-,-,-,-,-,-,-,-,-,-,-,-,-,-,-,-,-,-,-,100.0,100.8,101.8,102.7,103.5,104.0,104.3,104.6,105.0,105.2,105.4,106.1,106.5,107.0,107.5,108.0,108.3,108.5,108.6
"Chungcheongbuk-do","Apartments","Medium",-,-,-,-,-,-,-,-,-,-,-,-,-,-,-,-,-,-,-,-,-,-,-,-,-,-,-,-,-,-,-,-,-,-,-,-,-,-,-,-,-,-,100.0,102.4,104.1,107.0,108.7,109.8,110.9,111.5,112.2,112.9,113.5,114.0,114.1,114.5,114.9,115.6,116.2,116.5,117.0
"Chungcheongbuk-do","Apartments","Small",-,-,-,-,-,-,-,-,-,-,-,-,-,-,-,-,-,-,-,-,-,-,-,-,-,-,-,-,-,-,-,-,-,-,-,-,-,-,-,-,-,-,100.0,102.4,104.6,107.1,109.0,110.2,111.2,112.3,112.9,113.8,114.9,115.9,116.5,117.7,118.6,119.3,120.1,121.0,121.8
"Chungcheongnam-do","Total","Large",-,-,-,-,-,-,-,-,-,-,-,-,-,-,-,-,-,-,-,-,-,-,-,-,-,-,-,-,-,-,-,-,-,-,-,-,-,-,-,-,-,-,100.0,100.0,99.9,100.5,100.6,100.4,100.4,100.3,100.3,100.4,100.5,100.4,100.4,100.3,100.2,100.2,100.2,100.2,100.0
"Chungcheongnam-do","Total","Medium",-,-,-,-,-,-,-,-,-,-,-,-,-,-,-,-,-,-,-,-,-,-,-,-,-,-,-,-,-,-,-,-,-,-,-,-,-,-,-,-,-,-,100.0,100.8,101.5,102.4,103.3,104.2,104.5,105.1,105.7,106.2,107.3,107.9,108.4,109.0,109.3,109.9,110.5,111.6,112.0
"Chungcheongnam-do","Total","Small",-,-,-,-,-,-,-,-,-,-,-,-,-,-,-,-,-,-,-,-,-,-,-,-,-,-,-,-,-,-,-,-,-,-,-,-,-,-,-,-,-,-,100.0,101.0,102.7,103.9,105.2,106.9,107.6,108.3,108.9,109.9,111.6,112.3,113.3,114.5,115.2,116.0,116.8,117.8,118.3
"Chungcheongnam-do","Apartments","Large",-,-,-,-,-,-,-,-,-,-,-,-,-,-,-,-,-,-,-,-,-,-,-,-,-,-,-,-,-,-,-,-,-,-,-,-,-,-,-,-,-,-,100.0,100.1,99.8,100.0,100.4,100.6,100.7,101.1,101.2,101.7,102.2,102.3,102.6,103.1,103.4,103.4,103.6,103.6,103.6
"Chungcheongnam-do","Apartments","Medium",-,-,-,-,-,-,-,-,-,-,-,-,-,-,-,-,-,-,-,-,-,-,-,-,-,-,-,-,-,-,-,-,-,-,-,-,-,-,-,-,-,-,100.0,100.8,101.8,102.8,104.1,105.3,105.8,106.5,107.1,107.9,109.2,109.9,110.5,111.0,111.3,112.0,112.8,114.0,114.6
"Chungcheongnam-do","Apartments","Small",-,-,-,-,-,-,-,-,-,-,-,-,-,-,-,-,-,-,-,-,-,-,-,-,-,-,-,-,-,-,-,-,-,-,-,-,-,-,-,-,-,-,100.0,101.2,103.0,104.6,106.3,108.7,109.7,110.6,111.4,112.7,114.8,115.8,116.9,118.4,119.2,120.2,121.2,122.4,123.1
"Jeollabuk-do","Total","Large",-,-,-,-,-,-,-,-,-,-,-,-,-,-,-,-,-,-,-,-,-,-,-,-,-,-,-,-,-,-,-,-,-,-,-,-,-,-,-,-,-,-,100.0,100.7,101.5,102.9,103.6,104.1,104.8,105.1,105.3,105.6,105.8,105.8,106.0,105.9,106.0,106.1,105.7,105.6,105.5
"Jeollabuk-do","Total","Medium",-,-,-,-,-,-,-,-,-,-,-,-,-,-,-,-,-,-,-,-,-,-,-,-,-,-,-,-,-,-,-,-,-,-,-,-,-,-,-,-,-,-,100.0,101.1,102.5,104.3,105.2,106.5,107.1,107.9,108.3,108.7,109.2,109.3,109.3,109.1,108.9,108.7,108.5,108.4,108.0
"Jeollabuk-do","Total","Small",-,-,-,-,-,-,-,-,-,-,-,-,-,-,-,-,-,-,-,-,-,-,-,-,-,-,-,-,-,-,-,-,-,-,-,-,-,-,-,-,-,-,100.0,101.1,102.6,104.1,105.4,106.5,107.7,108.6,109.2,109.8,110.2,110.0,110.0,109.8,109.7,109.7,109.5,109.4,109.3
"Jeollabuk-do","Apartments","Large",-,-,-,-,-,-,-,-,-,-,-,-,-,-,-,-,-,-,-,-,-,-,-,-,-,-,-,-,-,-,-,-,-,-,-,-,-,-,-,-,-,-,100.0,101.3,102.5,104.2,105.1,106.0,106.3,106.7,106.9,107.1,107.1,107.0,106.9,107.0,107.0,106.9,106.4,106.3,106.4
"Jeollabuk-do","Apartments","Medium",-,-,-,-,-,-,-,-,-,-,-,-,-,-,-,-,-,-,-,-,-,-,-,-,-,-,-,-,-,-,-,-,-,-,-,-,-,-,-,-,-,-,100.0,101.2,102.9,104.8,105.8,107.4,108.0,108.9,109.2,109.7,110.3,110.4,110.3,110.1,109.8,109.6,109.3,109.3,108.8
"Jeollabuk-do","Apartments","Small",-,-,-,-,-,-,-,-,-,-,-,-,-,-,-,-,-,-,-,-,-,-,-,-,-,-,-,-,-,-,-,-,-,-,-,-,-,-,-,-,-,-,100.0,101.7,103.6,105.6,107.2,108.8,110.1,111.2,111.9,112.6,113.1,112.8,112.7,112.5,112.4,112.2,111.9,111.7,111.6
"Jeollanam-do","Total","Large",-,-,-,-,-,-,-,-,-,-,-,-,-,-,-,-,-,-,-,-,-,-,-,-,-,-,-,-,-,-,-,-,-,-,-,-,-,-,-,-,-,-,100.0,100.2,100.2,100.5,100.5,100.7,101.3,101.6,101.7,101.7,101.8,102.2,102.2,102.0,102.0,102.0,101.6,101.5,101.5
"Jeollanam-do","Total","Medium",-,-,-,-,-,-,-,-,-,-,-,-,-,-,-,-,-,-,-,-,-,-,-,-,-,-,-,-,-,-,-,-,-,-,-,-,-,-,-,-,-,-,100.0,100.3,101.1,101.9,102.7,104.2,106.0,106.6,107.5,108.0,108.5,108.8,108.8,108.5,108.3,108.1,107.9,107.7,107.5
"Jeollanam-do","Total","Small",-,-,-,-,-,-,-,-,-,-,-,-,-,-,-,-,-,-,-,-,-,-,-,-,-,-,-,-,-,-,-,-,-,-,-,-,-,-,-,-,-,-,100.0,100.1,100.9,102.1,102.8,103.8,105.0,105.3,105.7,106.1,106.6,106.6,106.6,106.4,106.3,106.2,106.0,106.0,106.3
"Jeollanam-do","Apartments","Large",-,-,-,-,-,-,-,-,-,-,-,-,-,-,-,-,-,-,-,-,-,-,-,-,-,-,-,-,-,-,-,-,-,-,-,-,-,-,-,-,-,-,100.0,100.5,100.5,100.6,101.0,101.3,102.3,102.4,102.5,102.6,103.1,104.1,104.2,104.2,104.2,104.1,103.9,103.8,103.6
"Jeollanam-do","Apartments","Medium",-,-,-,-,-,-,-,-,-,-,-,-,-,-,-,-,-,-,-,-,-,-,-,-,-,-,-,-,-,-,-,-,-,-,-,-,-,-,-,-,-,-,100.0,100.3,101.2,102.0,103.0,105.1,107.1,107.6,108.7,109.3,110.0,110.4,110.4,110.1,109.8,109.6,109.4,109.2,109.0
"Jeollanam-do","Apartments","Small",-,-,-,-,-,-,-,-,-,-,-,-,-,-,-,-,-,-,-,-,-,-,-,-,-,-,-,-,-,-,-,-,-,-,-,-,-,-,-,-,-,-,100.0,100.2,101.0,102.4,103.8,105.9,107.8,108.1,108.9,109.5,110.4,110.6,110.5,110.3,110.0,109.8,109.5,109.5,109.8
"Gyeongsangbuk-do","Total","Large",-,-,-,-,-,-,-,-,-,-,-,-,-,-,-,-,-,-,-,-,-,-,-,-,-,-,-,-,-,-,-,-,-,-,-,-,-,-,-,-,-,-,100.0,100.0,100.1,100.2,100.4,100.5,100.8,101.0,101.3,101.6,101.9,102.2,102.6,102.7,102.9,103.1,103.3,103.6,103.9
"Gyeongsangbuk-do","Total","Medium",-,-,-,-,-,-,-,-,-,-,-,-,-,-,-,-,-,-,-,-,-,-,-,-,-,-,-,-,-,-,-,-,-,-,-,-,-,-,-,-,-,-,100.0,100.3,100.6,101.4,102.0,102.9,103.6,104.4,104.9,105.8,107.2,108.1,108.8,109.5,110.1,110.7,111.7,112.3,112.9
"Gyeongsangbuk-do","Total","Small",-,-,-,-,-,-,-,-,-,-,-,-,-,-,-,-,-,-,-,-,-,-,-,-,-,-,-,-,-,-,-,-,-,-,-,-,-,-,-,-,-,-,100.0,100.5,101.3,102.3,103.2,104.6,105.3,106.4,106.8,107.7,109.4,110.2,110.7,111.2,111.8,112.3,113.0,113.6,114.3
"Gyeongsangbuk-do","Apartments","Large",-,-,-,-,-,-,-,-,-,-,-,-,-,-,-,-,-,-,-,-,-,-,-,-,-,-,-,-,-,-,-,-,-,-,-,-,-,-,-,-,-,-,100.0,100.2,100.3,100.7,101.3,101.8,102.2,102.7,103.1,103.6,104.0,104.4,104.8,105.0,105.3,105.6,105.9,106.8,107.6
"Gyeongsangbuk-do","Apartments","Medium",-,-,-,-,-,-,-,-,-,-,-,-,-,-,-,-,-,-,-,-,-,-,-,-,-,-,-,-,-,-,-,-,-,-,-,-,-,-,-,-,-,-,100.0,100.4,100.8,101.7,102.6,103.7,104.5,105.4,106.1,107.2,108.8,109.8,110.6,111.6,112.2,112.9,114.1,114.8,115.5
"Gyeongsangbuk-do","Apartments","Small",-,-,-,-,-,-,-,-,-,-,-,-,-,-,-,-,-,-,-,-,-,-,-,-,-,-,-,-,-,-,-,-,-,-,-,-,-,-,-,-,-,-,100.0,100.9,102.2,103.7,105.1,107.2,108.3,110.0,110.6,111.9,114.5,115.7,116.4,117.1,117.9,118.7,119.7,120.7,121.6
"Gyeongsangnam-do","Total","Large",-,-,-,-,-,-,-,-,-,-,-,-,-,-,-,-,-,-,-,-,-,-,-,-,-,-,-,-,-,-,-,-,-,-,-,-,-,-,-,-,-,-,100.0,100.5,101.2,102.2,103.0,103.8,104.0,104.4,104.6,105.0,105.1,105.1,105.0,105.0,104.9,104.7,104.6,104.6,104.6
"Gyeongsangnam-do","Total","Medium",-,-,-,-,-,-,-,-,-,-,-,-,-,-,-,-,-,-,-,-,-,-,-,-,-,-,-,-,-,-,-,-,-,-,-,-,-,-,-,-,-,-,100.0,100.6,101.3,102.3,103.2,103.6,103.7,103.8,103.8,103.9,104.0,104.1,103.9,103.8,103.5,103.4,103.2,103.1,103.0
"Gyeongsangnam-do","Total","Small",-,-,-,-,-,-,-,-,-,-,-,-,-,-,-,-,-,-,-,-,-,-,-,-,-,-,-,-,-,-,-,-,-,-,-,-,-,-,-,-,-,-,100.0,100.8,101.8,103.0,103.6,104.0,103.9,104.0,104.1,104.2,104.4,104.6,104.5,104.4,104.4,104.2,104.3,104.3,104.3
"Gyeongsangnam-do","Apartments","Large",-,-,-,-,-,-,-,-,-,-,-,-,-,-,-,-,-,-,-,-,-,-,-,-,-,-,-,-,-,-,-,-,-,-,-,-,-,-,-,-,-,-,100.0,100.7,101.8,102.8,103.5,104.6,104.9,105.0,105.0,105.3,105.4,105.4,105.4,105.2,105.0,104.7,104.6,104.6,104.5
"Gyeongsangnam-do","Apartments","Medium",-,-,-,-,-,-,-,-,-,-,-,-,-,-,-,-,-,-,-,-,-,-,-,-,-,-,-,-,-,-,-,-,-,-,-,-,-,-,-,-,-,-,100.0,100.9,102.1,103.3,104.4,105.0,105.2,105.2,105.2,105.3,105.3,105.2,105.0,104.7,104.4,104.2,103.9,103.8,103.5
"Gyeongsangnam-do","Apartments","Small",-,-,-,-,-,-,-,-,-,-,-,-,-,-,-,-,-,-,-,-,-,-,-,-,-,-,-,-,-,-,-,-,-,-,-,-,-,-,-,-,-,-,100.0,101.3,102.8,104.1,104.9,105.7,105.5,105.5,105.4,105.5,105.5,105.6,105.4,105.0,104.5,104.1,104.0,104.0,103.7
"Non Metropolitan Area","Total","Large",95.6,95.6,95.6,95.8,95.8,95.9,96.0,96.0,96.1,96.1,95.9,95.5,95.0,94.6,94.3,94.2,94.1,94.1,94.3,94.2,94.1,94.3,94.5,94.7,94.9,94.9,95.0,95.3,95.4,95.5,95.8,95.9,96.0,96.1,96.2,96.5,96.8,97.2,97.8,98.6,99.3,99.7,100.0,100.3,100.7,101.4,101.8,102.1,102.4,102.7,102.9,103.1,103.2,103.4,103.5,103.5,103.5,103.6,103.5,103.5,103.5
"Non Metropolitan Area","Total","Medium",84.8,84.8,84.9,85.0,85.2,85.3,85.6,85.6,85.8,86.0,86.0,85.8,85.5,85.3,85.2,85.1,85.1,85.1,85.2,85.3,85.5,85.8,86.1,86.4,86.6,86.8,87.2,87.6,88.0,88.3,88.8,89.5,89.9,90.2,90.7,91.5,92.3,93.2,94.3,96.0,97.5,99.0,100.0,100.8,101.9,103.1,104.0,104.9,105.6,106.1,106.6,107.0,107.6,108.0,108.1,108.3,108.3,108.5,108.6,108.8,108.9
"Non Metropolitan Area","Total","Small",82.8,82.9,82.9,83.2,83.6,83.9,84.4,84.7,84.9,85.2,85.4,85.4,85.2,85.0,85.0,85.0,85.2,85.3,85.4,85.4,85.6,86.1,86.6,86.9,87.3,87.5,87.9,88.3,88.7,89.1,89.7,90.1,90.4,90.8,91.3,92.1,92.7,93.4,94.6,96.4,97.8,99.1,100.0,100.9,102.2,103.5,104.6,105.6,106.3,107.0,107.4,108.0,108.7,109.1,109.3,109.5,109.7,109.9,110.1,110.4,110.5
"Non Metropolitan Area","Apartments","Large",89.3,89.3,89.3,89.2,89.3,89.5,89.6,89.6,89.8,89.8,89.7,89.6,89.3,89.1,88.6,88.4,88.3,88.2,88.3,88.2,88.1,88.4,88.7,89.2,89.4,89.5,89.7,90.1,90.4,90.7,91.2,91.6,91.8,92.1,92.5,93.2,93.8,94.5,95.7,97.1,98.4,99.3,100.0,100.7,101.5,102.5,103.1,103.9,104.2,104.6,104.8,105.0,105.3,105.5,105.6,105.7,105.8,105.7,105.7,105.8,105.8
"Non Metropolitan Area","Apartments","Medium",82.0,82.1,82.1,82.2,82.4,82.6,82.9,83.1,83.2,83.4,83.6,83.4,83.1,82.9,82.8,82.8,82.9,82.9,83.0,83.1,83.2,83.6,84.0,84.4,84.6,84.8,85.3,85.7,86.2,86.5,87.1,87.6,87.9,88.3,88.9,89.9,90.8,91.8,93.1,95.0,96.9,98.7,100.0,101.1,102.5,103.9,105.1,106.2,107.0,107.6,108.1,108.6,109.3,109.6,109.7,109.8,109.8,110.0,110.1,110.3,110.4
"Non Metropolitan Area","Apartments","Small",76.6,76.7,76.7,76.9,77.3,77.6,78.2,78.5,78.8,79.2,79.4,79.6,79.4,79.2,79.2,79.3,79.6,79.7,79.7,79.8,80.0,80.6,81.2,81.7,82.1,82.4,82.9,83.5,84.0,84.6,85.3,85.9,86.3,86.9,87.5,88.7,89.7,90.7,92.3,94.7,96.7,98.6,100.0,101.4,103.3,105.0,106.4,108.1,109.0,109.8,110.4,111.2,112.1,112.5,112.8,113.1,113.3,113.5,113.7,114.1,114.3
